reciter_id	name_en	name_ar	country	slug	riwayah	style	recording_context	recording_year	source	channel	audio_category	chapter_count	codec	container	sample_rate_hz	channels	bitrate_mode	bitrate_kbps_nominal	total_duration_sec	state
abbadi_houssem_eddine	Abbadi Houssem Eddine	عبادي حسام الدين		abbadi_houssem_eddine_archive	hafs_an_asim	murattal			surah-quran	archive_org	by_surah	48	mp3	mp3	48000	2	mixed		28986	
abdelaziz_al_garaani	Abdelaziz Al-Garaani	عبد العزيز القرعاني		abdelaziz_al_garaani_archive	hafs_an_asim	murattal			surah-quran	archive_org	by_surah	85	mp3	mp3	44100	2	cbr	320	9140	
abdelaziz_sheim	Abdelaziz Sheim	عبد العزيز سحيم		abdelaziz_sheim_archive	hafs_an_asim	murattal			surah-quran	archive_org	by_surah	26	mp3	mp3	44100	2	mixed		16297	
abdelaziz_sheim	Abdelaziz Sheim	عبد العزيز سحيم		abdelaziz_sheim_warsh_mp3quran	warsh_an_nafi	murattal			mp3quran	mp3quran	by_surah	15	mp3	mp3	48000	2	mixed		8371	
abdelhamid_ehsain	Abdelhamid Ehsain	عبد الحميد إحساين	Morocco	abdelhamid_ehsain_archive	hafs_an_asim	murattal			surah-quran	archive_org	by_surah	114	mp3	mp3	44100	2	cbr	64	67477	
abdelmoujib_benkirane	Abdelmoujib Benkirane	عبد المجيب بنكيران	Morocco	abdelmoujib_benkirane_archive	hafs_an_asim	murattal			surah-quran	archive_org	by_surah	114	mp3	mp3	22050	2	mixed		92969	
abdelmoujib_benkirane	Abdelmoujib Benkirane	عبد المجيب بنكيران	Morocco	abdelmoujib_benkirane_warsh_tvquran	warsh_an_nafi	murattal			tvquran	tvquran	by_surah	114	mp3	mp3	44100	1	mixed		92246	
abdelrahman_benmoussa	Abdelrahman Benmoussa	عبد الرحمن بن موسى	Morocco	abdelrahman_benmoussa_archive	hafs_an_asim	murattal			surah-quran	archive_org	by_surah	114	mp3	mp3	44100	2	cbr	64	111213	
abdelrahman_benmoussa	Abdelrahman Benmoussa	عبد الرحمن بن موسى	Morocco	abdelrahman_benmoussa_warsh_tvquran	warsh_an_nafi	murattal			tvquran	tvquran	by_surah	114	mp3	mp3	44100	2	cbr	128	106670	
abdul_munim_abdul_mubdi	Abdul-Mun'im Abdul-Mubdi	عبد المنعم عبد المبدئ		abdul_munim_abdul_mubdi_qdc	hafs_an_asim	murattal			quranicaudio	quranicaudio	by_surah	114	mp3	mp3	44100	2	cbr	128	105706	
abdulaziz_al_ahmed	Abdulaziz Al-Ahmed	عبد العزيز الأحمد		abdulaziz_al_ahmed_mp3quran	hafs_an_asim	murattal			mp3quran	mp3quran	by_surah	114	mp3	mp3	44100	2	cbr	192	70963	
abdulaziz_al_ahmed	Abdulaziz Al-Ahmed	عبد العزيز الأحمد		abdulaziz_al_ahmed_qdc	hafs_an_asim	murattal			quranicaudio	quranicaudio	by_surah	114	mp3	mp3	44100	2	mixed		74473	
abdulaziz_al_ahmed	Abdulaziz Al-Ahmed	عبد العزيز الأحمد		abdulaziz_al_ahmed_tvquran	hafs_an_asim	murattal			tvquran	tvquran	by_surah	114	mp3	mp3	22050	2	cbr	64	71037	
abdulaziz_al_asiri	Abdulaziz Al-Asiri	عبد العزيز العسيري		abdulaziz_al_asiri_archive	hafs_an_asim	murattal			surah-quran	archive_org	by_surah	55	mp3	mp3	44100	2	cbr	128	72833	
abdulaziz_al_asiri	Abdulaziz Al-Asiri	عبد العزيز العسيري		abdulaziz_al_asiri_mp3quran	hafs_an_asim	murattal			mp3quran	mp3quran	by_surah	72	mp3	mp3	44100	2	mixed		110583	
abdulaziz_al_karani	Abdulaziz Al-Karani	عبد العزيز الكرعاني		abdulaziz_al_karani_warsh_tvquran	warsh_an_nafi	murattal			tvquran	tvquran	by_surah	71	mp3	mp3	24000	2	mixed		49630	
abdulaziz_al_turki	Abdulaziz Al-Turki	عبد العزيز التركي		abdulaziz_al_turki_mp3quran	hafs_an_asim	murattal			mp3quran	mp3quran	by_surah	114	mp3	mp3	44100	2	mixed		93268	
abdulaziz_az_zahrani	Abdulaziz Az-Zahrani	عبد العزيز الزهراني	Saudi Arabia	abdulaziz_az_zahrani_mp3quran	hafs_an_asim	murattal			mp3quran	mp3quran	by_surah	114	mp3	mp3	44100	2	cbr	128	115346	
abdulaziz_az_zahrani	Abdulaziz Az-Zahrani	عبد العزيز الزهراني	Saudi Arabia	abdulaziz_az_zahrani_qdc	hafs_an_asim	murattal			quranicaudio	quranicaudio	by_surah	114	mp3	mp3	44100	2	cbr	128	115267	
abdulbadi_ghailan	Abdulbadi Ghailan	عبد البديع غيلان		abdulbadi_ghailan_mp3quran	hafs_an_asim	murattal			mp3quran	mp3quran	by_surah	114	mp3	mp3	44100	2	cbr	256	92499	
abdulbari_ath_thubaity	Abdulbari Ath-Thubaity	عبد البارئ الثبيتي	Saudi Arabia	abdulbari_ath_thubaity_mp3quran	hafs_an_asim	murattal			mp3quran	mp3quran	by_surah	114	mp3	mp3	44100	2	cbr	128	71256	
abdulbari_ath_thubaity	Abdulbari Ath-Thubaity	عبد البارئ الثبيتي	Saudi Arabia	abdulbari_ath_thubaity_qdc	hafs_an_asim	murattal			quranicaudio	quranicaudio	by_surah	114	mp3	mp3	44100	2	mixed		71203	
abdulbari_ath_thubaity	Abdulbari Ath-Thubaity	عبد البارئ الثبيتي	Saudi Arabia	abdulbari_ath_thubaity_tvquran	hafs_an_asim	murattal			tvquran	tvquran	by_surah	114	mp3	mp3	22050	2	cbr	64	71293	
abdulbari_mohammed	Abdulbari Mohammed	عبد البارئ محمد		abdulbari_mohammed_mp3quran	hafs_an_asim	murattal			mp3quran	mp3quran	by_surah	114	mp3	mp3	22050	2	cbr	96	130934	
abdulbari_mohammed	Abdulbari Mohammed	عبد البارئ محمد		abdulbari_mohammed_muallim_mp3quran	hafs_an_asim	muallim			mp3quran	mp3quran	by_surah	91	mp3	mp3	44100	2	cbr	128	139240	
abdulbari_mohammed	Abdulbari Mohammed	عبد البارئ محمد		abdulbari_mohammed_muallim_tvquran	hafs_an_asim	muallim			tvquran	tvquran	by_surah	91	mp3	mp3	24000	2	cbr	64	139426	
abdulbari_mohammed	Abdulbari Mohammed	عبد البارئ محمد		abdulbari_mohammed_tvquran	hafs_an_asim	murattal			tvquran	tvquran	by_surah	114	mp3	mp3	22050	2	cbr	56	130599	
abdulbasit_abdulsamad	Abdulbasit Abdulsamad	عبد الباسط عبد الصمد	Egypt	abdulbasit_abdulsamad_everyayah_byayah	hafs_an_asim	murattal			everyayah	everyayah	by_ayah	6236	mp3	mp3			unknown		112238	
abdulbasit_abdulsamad	Abdulbasit Abdulsamad	عبد الباسط عبد الصمد	Egypt	abdulbasit_abdulsamad_mp3quran	hafs_an_asim	murattal			mp3quran	mp3quran	by_surah	114	mp3	mp3	11025	2	cbr	32	112232	
abdulbasit_abdulsamad	Abdulbasit Abdulsamad	عبد الباسط عبد الصمد	Egypt	abdulbasit_abdulsamad_mujawwad_everyayah_byayah	hafs_an_asim	mujawwad			everyayah	everyayah	by_ayah	6236	mp3	mp3			unknown		218222	
abdulbasit_abdulsamad	Abdulbasit Abdulsamad	عبد الباسط عبد الصمد	Egypt	abdulbasit_abdulsamad_mujawwad_mp3quran	hafs_an_asim	mujawwad			mp3quran	mp3quran	by_surah	114	mp3	mp3	44100	2	cbr	128	218289	
abdulbasit_abdulsamad	Abdulbasit Abdulsamad	عبد الباسط عبد الصمد	Egypt	abdulbasit_abdulsamad_mujawwad_qdc	hafs_an_asim	mujawwad			qul	quranicaudio	by_surah	114	mp3	mp3	44100	2	mixed		210858	
abdulbasit_abdulsamad	Abdulbasit Abdulsamad	عبد الباسط عبد الصمد	Egypt	abdulbasit_abdulsamad_mujawwad_qdc_v2	hafs_an_asim	mujawwad			quranicaudio	quranicaudio	by_surah	114	mp3	mp3	44100	2	cbr	128	219480	
abdulbasit_abdulsamad	Abdulbasit Abdulsamad	عبد الباسط عبد الصمد	Egypt	abdulbasit_abdulsamad_mujawwad_tarteel	hafs_an_asim	mujawwad			qul	tarteel	by_surah	114	mp3	mp3	44100	2	cbr	128	210852	
abdulbasit_abdulsamad	Abdulbasit Abdulsamad	عبد الباسط عبد الصمد	Egypt	abdulbasit_abdulsamad_mujawwad_tvquran	hafs_an_asim	mujawwad			tvquran	tvquran	by_surah	114	mp3	mp3	11025	1	mixed		217130	
abdulbasit_abdulsamad	Abdulbasit Abdulsamad	عبد الباسط عبد الصمد	Egypt	abdulbasit_abdulsamad_qdc	hafs_an_asim	murattal			quranicaudio	quranicaudio	by_surah	114	mp3	mp3	44100	2	mixed		112226	
abdulbasit_abdulsamad	Abdulbasit Abdulsamad	عبد الباسط عبد الصمد	Egypt	abdulbasit_abdulsamad_tarteel	hafs_an_asim	murattal			qul	tarteel	by_surah	114	mp3	mp3	44100	2	mixed		111628	
abdulbasit_abdulsamad	Abdulbasit Abdulsamad	عبد الباسط عبد الصمد	Egypt	abdulbasit_abdulsamad_tvquran	hafs_an_asim	murattal			tvquran	tvquran	by_surah	114	mp3	mp3	22050	2	cbr	64	112277	
abdulbasit_abdulsamad	Abdulbasit Abdulsamad	عبد الباسط عبد الصمد	Egypt	abdulbasit_abdulsamad_warsh_mp3quran	warsh_an_nafi	murattal			mp3quran	mp3quran	by_surah	114	mp3	mp3	11025	2	cbr	32	125393	
abdulbasit_abdulsamad	Abdulbasit Abdulsamad	عبد الباسط عبد الصمد	Egypt	abdulbasit_abdulsamad_warsh_qdc	warsh_an_nafi	murattal			quranicaudio	quranicaudio	by_surah	114	mp3	mp3	44100	2	cbr	128	124741	
abdulbasit_abdulsamad	Abdulbasit Abdulsamad	عبد الباسط عبد الصمد	Egypt	abdulbasit_abdulsamad_warsh_tvquran	warsh_an_nafi	murattal			tvquran	tvquran	by_surah	114	mp3	mp3	22050	2	cbr	64	124731	
abdulelah_bin_aoun	Abdulelah bin Aoun	عبد الإله بن عون		abdulelah_bin_aoun_mp3quran	hafs_an_asim	murattal			mp3quran	mp3quran	by_surah	114	mp3	mp3	44100	2	mixed		94973	
abdulghani_abdullah	Abdulghani Abdullah	عبد الغني عبد الله		abdulghani_abdullah_mp3quran	hafs_an_asim	murattal			mp3quran	mp3quran	by_surah	13	mp3	mp3	44100	2	cbr	128	5032	
abdulghani_abdullah	Abdulghani Abdullah	عبد الغني عبد الله		abdulghani_abdullah_tvquran	hafs_an_asim	murattal			tvquran	tvquran	by_surah	13	mp3	mp3	44100	2	cbr	128	5079	
abdulhadi_al_kurdi	Abdulhadi Al-Kurdi	عبد الهادي الكردي		abdulhadi_al_kurdi_tvquran	hafs_an_asim	murattal			tvquran	tvquran	by_surah	114	mp3	mp3	44100	1	mixed		90969	
abdulhadi_kanakeri	Abdulhadi Kanakeri	عبد الهادي كناكري	Syria	abdulhadi_kanakeri_mp3quran	hafs_an_asim	murattal			mp3quran	mp3quran	by_surah	114	mp3	mp3	44100	2	cbr	128	100114	
abdulhadi_kanakeri	Abdulhadi Kanakeri	عبد الهادي كناكري	Syria	abdulhadi_kanakeri_tvquran	hafs_an_asim	murattal			tvquran	tvquran	by_surah	114	mp3	mp3	22050	1	cbr	64	99646	
abdulhaleem_hussain	Abdulhaleem Hussain	عبد الحليم حسين	Sudan	abdulhaleem_hussain_archive	hafs_an_asim	murattal			surah-quran	archive_org	by_surah	114	mp3	mp3			unknown		77126	
abdulkabeer_al_hadidi	Abdulkabeer Al-Hadidi	عبد الكبير الحديدي	Morocco	abdulkabeer_al_hadidi_archive	hafs_an_asim	murattal			surah-quran	archive_org	by_surah	114	mp3	mp3	44100	2	mixed		90350	
abdulkabeer_al_hadidi	Abdulkabeer Al-Hadidi	عبد الكبير الحديدي	Morocco	abdulkabeer_al_hadidi_warsh_tvquran	warsh_an_nafi	murattal			tvquran	tvquran	by_surah	114	mp3	mp3	22050	2	cbr	64	90141	
abdulkareem_al_hazmi	Abdulkareem Al-Hazmi	عبد الكريم الحازمي		abdulkareem_al_hazmi_mp3quran	hafs_an_asim	murattal			mp3quran	mp3quran	by_surah	114	mp3	mp3	44100	1	mixed		87884	
abdulkareem_al_hazmi	Abdulkareem Al-Hazmi	عبد الكريم الحازمي		abdulkareem_al_hazmi_qdc	hafs_an_asim	murattal			quranicaudio	quranicaudio	by_surah	114	mp3	mp3	44100	1	mixed		85347	
abdullah_abdal	Abdullah Abdal	عبد الله عبدل		abdullah_abdal_mp3quran	hafs_an_asim	murattal			mp3quran	mp3quran	by_surah	114	mp3	mp3	44100	2	cbr	128	110830	
abdullah_abdal	Abdullah Abdal	عبد الله عبدل		abdullah_abdal_qdc	hafs_an_asim	murattal			quranicaudio	quranicaudio	by_surah	114	mp3	mp3	44100	2	cbr	128	110716	
abdullah_abdlatef	Abdullah Abdullatef	عبد الله العبد اللطيف		abdullah_abdlatef_tvquran	hafs_an_asim	murattal			tvquran	tvquran	by_surah	8	mp3	mp3	44100	2	cbr	192	8635	
abdullah_al_buaijan	Abdullah Al-Buaijan	عبد الله البعيجان	Saudi Arabia	abdullah_al_buaijan_mp3quran	hafs_an_asim	murattal			mp3quran	mp3quran	by_surah	114	mp3	mp3	22050	2	mixed		78656	
abdullah_al_buaijan	Abdullah Al-Buaijan	عبد الله البعيجان	Saudi Arabia	abdullah_al_buaijan_tvquran	hafs_an_asim	murattal			tvquran	tvquran	by_surah	82	mp3	mp3	22050	2	cbr	64	42181	
abdullah_al_buraimi	Abdullah Al-Buraimi	عبد الله البريمي		abdullah_al_buraimi_mp3quran	hafs_an_asim	murattal			mp3quran	mp3quran	by_surah	69	mp3	mp3	44100	2	cbr	128	20952	
abdullah_al_buraimi	Abdullah Al-Buraimi	عبد الله البريمي		abdullah_al_buraimi_tvquran	hafs_an_asim	murattal			tvquran	tvquran	by_surah	66	mp3	mp3	22050	2	cbr	64	16566	
abdullah_al_juhani	Abdullah Awad Al-Juhani	عبد الله عواد الجهني	Saudi Arabia	abdullah_al_juhani_archive	hafs_an_asim	murattal			surah-quran	archive_org	by_surah	114	mp3	mp3			unknown			
abdullah_al_juhani	Abdullah Awad Al-Juhani	عبد الله عواد الجهني	Saudi Arabia	abdullah_al_juhani_everyayah_byayah	hafs_an_asim	murattal			everyayah	everyayah	by_ayah	6236	mp3	mp3			unknown		73636	
abdullah_al_juhani	Abdullah Awad Al-Juhani	عبد الله عواد الجهني	Saudi Arabia	abdullah_al_juhani_mp3quran	hafs_an_asim	murattal			mp3quran	mp3quran	by_surah	114	mp3	mp3	48000	1	vbr	127	73631	
abdullah_al_juhani	Abdullah Awad Al-Juhani	عبد الله عواد الجهني	Saudi Arabia	abdullah_al_juhani_qdc	hafs_an_asim	murattal			quranicaudio	quranicaudio	by_surah	114	mp3	mp3	44100	2	mixed		73341	
abdullah_al_juhani	Abdullah Awad Al-Juhani	عبد الله عواد الجهني	Saudi Arabia	abdullah_al_juhani_tvquran	hafs_an_asim	murattal			tvquran	tvquran	by_surah	114	mp3	mp3	48000	1	vbr	127	73631	
abdullah_al_kandari	Abdullah Al-Kandari	عبد الله الكندري	Kuwait	abdullah_al_kandari_mp3quran	hafs_an_asim	murattal			mp3quran	mp3quran	by_surah	114	mp3	mp3	44100	2	mixed		97012	
abdullah_al_kandari	Abdullah Al-Kandari	عبد الله الكندري	Kuwait	abdullah_al_kandari_tvquran	hafs_an_asim	murattal			tvquran	tvquran	by_surah	114	mp3	mp3	24000	2	cbr	64	97271	
abdullah_al_khalaf	Abdullah Al-Khalaf	عبد الله الخلف	Saudi Arabia	abdullah_al_khalaf_archive	hafs_an_asim	murattal			surah-quran	archive_org	by_surah	114	mp3	mp3	44100	2	vbr	103	80941	
abdullah_al_khalaf	Abdullah Al-Khalaf	عبد الله الخلف	Saudi Arabia	abdullah_al_khalaf_mp3quran	hafs_an_asim	murattal			mp3quran	mp3quran	by_surah	114	mp3	mp3	44100	2	mixed		81477	
abdullah_al_khalaf	Abdullah Al-Khalaf	عبد الله الخلف	Saudi Arabia	abdullah_al_khalaf_tvquran	hafs_an_asim	murattal			tvquran	tvquran	by_surah	114	mp3	mp3	44100	2	cbr	128	81877	
abdullah_al_khulaifi	Abdullah Al-Khulaifi	عبد الله الخليفي	Saudi Arabia	abdullah_al_khulaifi_archive	hafs_an_asim	murattal			surah-quran	archive_org	by_surah	114	mp3	mp3			unknown			
abdullah_al_mattrod	Abdullah Al-Mattrod	عبد الله المطرود	Saudi Arabia	abdullah_al_mattrod_everyayah_byayah	hafs_an_asim	murattal			everyayah	everyayah	by_ayah	6236	mp3	mp3			unknown		103290	
abdullah_al_mattrod	Abdullah Al-Mattrod	عبد الله المطرود	Saudi Arabia	abdullah_al_mattrod_mp3quran	hafs_an_asim	murattal			mp3quran	mp3quran	by_surah	114	mp3	mp3	22050	2	mixed		103402	
abdullah_al_mattrod	Abdullah Al-Mattrod	عبد الله المطرود	Saudi Arabia	abdullah_al_mattrod_qdc	hafs_an_asim	murattal			quranicaudio	quranicaudio	by_surah	114	mp3	mp3	22050	2	cbr	128	100652	
abdullah_al_mattrod	Abdullah Al-Mattrod	عبد الله المطرود	Saudi Arabia	abdullah_al_mattrod_tvquran	hafs_an_asim	murattal			tvquran	tvquran	by_surah	114	mp3	mp3	22050	2	cbr	64	103407	
abdullah_al_mishal	Abdullah Al-Mishal	عبد الله المشعل		abdullah_al_mishal_mp3quran	hafs_an_asim	murattal			mp3quran	mp3quran	by_surah	11	mp3	mp3	44100	1	mixed		7154	
abdullah_al_mousa	Abdullah Al-Mousa	عبد الله الموسى	Saudi Arabia	abdullah_al_mousa_archive	hafs_an_asim	murattal			surah-quran	archive_org	by_surah	114	mp3	mp3			unknown		93495	
abdullah_al_mousa	Abdullah Al-Mousa	عبد الله الموسى	Saudi Arabia	abdullah_al_mousa_mp3quran	hafs_an_asim	murattal			mp3quran	mp3quran	by_surah	114	mp3	mp3	44100	2	mixed		93539	
abdullah_al_mousa	Abdullah Al-Mousa	عبد الله الموسى	Saudi Arabia	abdullah_al_mousa_muallim_mp3quran	hafs_an_asim	muallim			mp3quran	mp3quran	by_surah	38	mp3	mp3	48000	2	mixed		9249	
abdullah_al_munsalih	Abdullah Al-Munsalih	عبد الله المنسلح		abdullah_al_munsalih_tvquran	hafs_an_asim	murattal			tvquran	tvquran	by_surah	114	mp3	mp3	48000	2	cbr	256	92205	
abdullah_al_qarafi	Abdullah Al-Qarafi	عبد الله القرافي		abdullah_al_qarafi_mp3quran	hafs_an_asim	murattal			mp3quran	mp3quran	by_surah	114	mp3	mp3	44100	2	mixed		99280	
abdullah_ali_jabir	Abdullah Ali Jabir	عبد الله علي جابر	Saudi Arabia	abdullah_ali_jabir_everyayah_byayah	hafs_an_asim	murattal			everyayah	everyayah	by_ayah	6236	mp3	mp3			unknown		89687	
abdullah_ali_jabir	Abdullah Ali Jabir	عبد الله علي جابر	Saudi Arabia	abdullah_ali_jabir_mp3quran	hafs_an_asim	murattal			mp3quran	mp3quran	by_surah	114	mp3	mp3	44100	2	mixed		89690	
abdullah_ali_jabir	Abdullah Ali Jabir	عبد الله علي جابر	Saudi Arabia	abdullah_ali_jabir_qdc	hafs_an_asim	murattal			quranicaudio	quranicaudio	by_surah	114	mp3	mp3			unknown		91617	
abdullah_ali_jabir	Abdullah Ali Jabir	عبد الله علي جابر	Saudi Arabia	abdullah_ali_jabir_taraweeh_qdc	hafs_an_asim	murattal	taraweeh		qul	quranicaudio	by_surah	114	mp3	mp3	44100	2	mixed		76789	
abdullah_ali_jabir	Abdullah Ali Jabir	عبد الله علي جابر	Saudi Arabia	abdullah_ali_jabir_tvquran	hafs_an_asim	murattal			tvquran	tvquran	by_surah	114	mp3	mp3	22050	2	cbr	64	90470	
abdullah_basfar	Abdullah Basfar	عبد الله بصفر	Saudi Arabia	abdullah_basfar_everyayah_byayah	hafs_an_asim	murattal			everyayah	everyayah	by_ayah	6236	mp3	mp3			unknown		91580	
abdullah_basfar	Abdullah Basfar	عبد الله بصفر	Saudi Arabia	abdullah_basfar_mp3quran	hafs_an_asim	murattal			mp3quran	mp3quran	by_surah	114	mp3	mp3	44100	2	cbr	128	91643	
abdullah_basfar	Abdullah Basfar	عبد الله بصفر	Saudi Arabia	abdullah_basfar_qdc	hafs_an_asim	murattal			quranicaudio	quranicaudio	by_surah	114	mp3	mp3	44100	2	mixed		91610	
abdullah_basfar	Abdullah Basfar	عبد الله بصفر	Saudi Arabia	abdullah_basfar_tvquran	hafs_an_asim	murattal			tvquran	tvquran	by_surah	114	mp3	mp3	22050	2	cbr	64	91657	
abdullah_bukhari	Abdullah Bukhari	عبد الله بخاري		abdullah_bukhari_mp3quran	hafs_an_asim	murattal			mp3quran	mp3quran	by_surah	80	mp3	mp3	44100	2	mixed		30371	
abdullah_fahmi	Abdullah Fahmi	عبد الله فهمي		abdullah_fahmi_mp3quran	hafs_an_asim	murattal			mp3quran	mp3quran	by_surah	4	mp3	mp3	44100	2	cbr	128	2184	
abdullah_fahmi	Abdullah Fahmi	عبد الله فهمي		abdullah_fahmi_tvquran	hafs_an_asim	murattal			tvquran	tvquran	by_surah	4	mp3	mp3	22050	2	cbr	64	2197	
abdullah_ghailan	Abdullah Ghailan	عبد الله غيلان		abdullah_ghailan_mp3quran	hafs_an_asim	murattal			mp3quran	mp3quran	by_surah	114	mp3	mp3	44100	2	cbr	96	102185	
abdullah_kamel	Abdullah Kamel	عبد الله كامل		abdullah_kamel_mp3quran	hafs_an_asim	murattal			mp3quran	mp3quran	by_surah	114	mp3	mp3	32000	1	mixed		113268	
abdullah_kamel	Abdullah Kamel	عبد الله كامل		abdullah_kamel_tvquran	hafs_an_asim	murattal			tvquran	tvquran	by_surah	114	mp3	mp3			unknown		113092	
abdullah_khayat	Abdullah Khayat	عبد الله خياط	Saudi Arabia	abdullah_khayat_mp3quran	hafs_an_asim	murattal			mp3quran	mp3quran	by_surah	114	mp3	mp3	44100	2	mixed		70671	
abdullah_khayat	Abdullah Khayat	عبد الله خياط	Saudi Arabia	abdullah_khayat_qdc	hafs_an_asim	murattal			quranicaudio	quranicaudio	by_surah	114	mp3	mp3	44100	2	mixed		70511	
abdullah_khayat	Abdullah Khayat	عبد الله خياط	Saudi Arabia	abdullah_khayat_tvquran	hafs_an_asim	murattal			tvquran	tvquran	by_surah	114	mp3	mp3	22050	2	cbr	64	70701	
abdullahi_abba_zaria	Abdullahi Abba Zaria	عبد الله ابا زاريا	Nigeria	abdullahi_abba_zaria_tvquran	hafs_an_asim	murattal			tvquran	tvquran	by_surah	114	mp3	mp3	44100	1	mixed		100989	
abdulmajeed_al_arkani	Abdulmajeed Al-Arkani	عبد المجيد الأركاني		abdulmajeed_al_arkani_mp3quran	hafs_an_asim	murattal			mp3quran	mp3quran	by_surah	49	mp3	mp3	32000	2	mixed		18651	
abdulmajeed_al_arkani	Abdulmajeed Al-Arkani	عبد المجيد الأركاني		abdulmajeed_al_arkani_tvquran	hafs_an_asim	murattal			tvquran	tvquran	by_surah	46	mp3	mp3	22050	2	cbr	64	16335	
abdulmalik_al_askar	Abdulmalik Al-Askar	عبد الملك العسكر		abdulmalik_al_askar_mp3quran	hafs_an_asim	murattal			mp3quran	mp3quran	by_surah	7	mp3	mp3	44100	2	mixed		4432	
abdulmohsin_al_askar	Abdulmohsin Al-Askar	عبد المحسن العسكر		abdulmohsin_al_askar_mp3quran	hafs_an_asim	murattal			mp3quran	mp3quran	by_surah	4	mp3	mp3	44100	2	cbr	128	8061	
abdulmohsin_al_askar	Abdulmohsin Al-Askar	عبد المحسن العسكر		abdulmohsin_al_askar_tvquran	hafs_an_asim	murattal			tvquran	tvquran	by_surah	4	mp3	mp3	22050	2	cbr	64	8069	
abdulmohsin_al_harthy	Abdulmohsin Al-Harthy	عبد المحسن الحارثي		abdulmohsin_al_harthy_mp3quran	hafs_an_asim	murattal			mp3quran	mp3quran	by_surah	114	mp3	mp3	44100	1	mixed		87034	
abdulmohsin_al_harthy	Abdulmohsin Al-Harthy	عبد المحسن الحارثي		abdulmohsin_al_harthy_tvquran	hafs_an_asim	murattal			tvquran	tvquran	by_surah	19	mp3	mp3	22050	2	cbr	64	16521	
abdulmohsin_al_obaikan	Abdulmohsin Al-Obaikan	عبد المحسن العبيكان	Saudi Arabia	abdulmohsin_al_obaikan_mp3quran	hafs_an_asim	murattal			mp3quran	mp3quran	by_surah	114	mp3	mp3	44100	2	cbr	128	68667	
abdulmohsin_al_obaikan	Abdulmohsin Al-Obaikan	عبد المحسن العبيكان	Saudi Arabia	abdulmohsin_al_obaikan_tvquran	hafs_an_asim	murattal			tvquran	tvquran	by_surah	114	mp3	mp3	24000	2	cbr	64	68906	
abdulmohsin_al_qasim	Abdulmohsin Al-Qasim	عبد المحسن القاسم	Saudi Arabia	abdulmohsin_al_qasim_everyayah_byayah	hafs_an_asim	murattal			everyayah	everyayah	by_ayah	6236	mp3	mp3			unknown		74643	
abdulmohsin_al_qasim	Abdulmohsin Al-Qasim	عبد المحسن القاسم	Saudi Arabia	abdulmohsin_al_qasim_mp3quran	hafs_an_asim	murattal			mp3quran	mp3quran	by_surah	114	mp3	mp3	44100	2	mixed		74715	
abdulmohsin_al_qasim	Abdulmohsin Al-Qasim	عبد المحسن القاسم	Saudi Arabia	abdulmohsin_al_qasim_qdc	hafs_an_asim	murattal			quranicaudio	quranicaudio	by_surah	114	mp3	mp3	44100	2	mixed		74717	
abdulmohsin_al_qasim	Abdulmohsin Al-Qasim	عبد المحسن القاسم	Saudi Arabia	abdulmohsin_al_qasim_tvquran	hafs_an_asim	murattal			tvquran	tvquran	by_surah	114	mp3	mp3	22050	2	mixed		74768	
abdulqawi_abdulmajid	Abdulqawi Abdulmajid	عبد القوي عبد المجيد		abdulqawi_abdulmajid_tvquran	hafs_an_asim	murattal			tvquran	tvquran	by_surah	114	mp3	mp3	44100	2	cbr	128	121582	
abdulrahman_al_badr	Abdulrahman bin Abdul Razzaq Al-Badr	عبد الرحمن بن عبد الرزاق البدر	Saudi Arabia	abdulrahman_al_badr_mp3quran	hafs_an_asim	murattal			mp3quran	mp3quran	by_surah	114	mp3	mp3	44100	2	mixed		85119	
abdulrahman_al_juraidhi	Abdulrahman Al-Juraidhi	عبد الرحمن الجريذي	Saudi Arabia	abdulrahman_al_juraidhi_archive	hafs_an_asim	murattal			surah-quran	archive_org	by_surah	114	mp3	mp3	22050	2	cbr	64	84711	
abdulrahman_al_juraidhi	Abdulrahman Al-Juraidhi	عبد الرحمن الجريذي	Saudi Arabia	abdulrahman_al_juraidhi_tvquran	hafs_an_asim	murattal			tvquran	tvquran	by_surah	114	mp3	mp3	22050	2	cbr	64	84711	
abdulrahman_al_majed	Abdulrahman Al-Majed	عبد الرحمن الماجد		abdulrahman_al_majed_mp3quran	hafs_an_asim	murattal			mp3quran	mp3quran	by_surah	114	mp3	mp3	44100	2	cbr	128	85928	
abdulrahman_al_majed	Abdulrahman Al-Majed	عبد الرحمن الماجد		abdulrahman_al_majed_tvquran	hafs_an_asim	murattal			tvquran	tvquran	by_surah	114	mp3	mp3	44100	2	cbr	128	86244	
abdulrahman_al_oosi	Abdulrahman Al-Oosi	عبد الرحمن العوسي		abdulrahman_al_oosi_mp3quran	hafs_an_asim	murattal			mp3quran	mp3quran	by_surah	114	mp3	mp3	44100	2	mixed		99125	
abdulrahman_al_oosi	Abdulrahman Al-Oosi	عبد الرحمن العوسي		abdulrahman_al_oosi_tvquran	hafs_an_asim	murattal			tvquran	tvquran	by_surah	114	mp3	mp3	24000	2	cbr	64	99657	
abdulrahman_al_shahat	Abdulrahman Al-Shahat	عبد الرحمن الشحات		abdulrahman_al_shahat_mp3quran	hafs_an_asim	murattal			mp3quran	mp3quran	by_surah	114	mp3	mp3	44100	2	mixed		82322	
abdulrahman_al_shahat	Abdulrahman Al-Shahat	عبد الرحمن الشحات		abdulrahman_al_shahat_qdc	hafs_an_asim	murattal			quranicaudio	quranicaudio	by_surah	114	mp3	mp3	44100	2	cbr	128	81420	
abdulrahman_al_sudais	Abdulrahman Al-Sudais	عبد الرحمن السديس	Saudi Arabia	abdulrahman_al_sudais_everyayah_byayah	hafs_an_asim	murattal			everyayah	everyayah	by_ayah	6236	mp3	mp3			unknown		76322	
abdulrahman_al_sudais	Abdulrahman Al-Sudais	عبد الرحمن السديس	Saudi Arabia	abdulrahman_al_sudais_mp3quran	hafs_an_asim	murattal			mp3quran	mp3quran	by_surah	114	mp3	mp3	44100	2	mixed		76376	
abdulrahman_al_sudais	Abdulrahman Al-Sudais	عبد الرحمن السديس	Saudi Arabia	abdulrahman_al_sudais_qdc	hafs_an_asim	murattal			quranicaudio	quranicaudio	by_surah	114	mp3	mp3	44100	2	mixed		75751	
abdulrahman_al_sudais	Abdulrahman Al-Sudais	عبد الرحمن السديس	Saudi Arabia	abdulrahman_al_sudais_tarteel	hafs_an_asim	murattal			qul	tarteel	by_surah	114	mp3	mp3	44100	2	mixed		75981	
abdulrahman_al_sudais	Abdulrahman Al-Sudais	عبد الرحمن السديس	Saudi Arabia	abdulrahman_al_sudais_tvquran	hafs_an_asim	murattal			tvquran	tvquran	by_surah	114	mp3	mp3	22050	2	cbr	64	76258	
abdulrahman_al_suwayid	Abdulrahman Al-Suwayid	عبد الرحمن السويّد		abdulrahman_al_suwayid_mp3quran	hafs_an_asim	murattal			mp3quran	mp3quran	by_surah	107	mp3	mp3	44100	2	mixed		69671	
abdulrahman_mosad	Abdulrahman Mosad	عبد الرحمن مسعد	Egypt	abdulrahman_mosad_archive	hafs_an_asim	murattal			surah-quran	archive_org	by_surah	12	mp3	mp3			unknown			
abdulrahman_mosad	Abdulrahman Mosad	عبد الرحمن مسعد	Egypt	abdulrahman_mosad_tvquran	hafs_an_asim	murattal			tvquran	tvquran	by_surah	7	mp3	mp3	44100	2	vbr	32	2182	
abdulrahman_saidin	Abdulrahman Saidin	عبد الرحمن سيدين		abdulrahman_saidin_mp3quran	hafs_an_asim	murattal			mp3quran	mp3quran	by_surah	4	mp3	mp3	44100	2	cbr	128	2058	
abdulrahman_saidin	Abdulrahman Saidin	عبد الرحمن سيدين		abdulrahman_saidin_tvquran	hafs_an_asim	murattal			tvquran	tvquran	by_surah	4	mp3	mp3	44100	2	cbr	128	2061	
abdulwadood_haneef	Abdulwadood Haneef	عبد الودود حنيف		abdulwadood_haneef_mp3quran	hafs_an_asim	murattal			mp3quran	mp3quran	by_surah	114	mp3	mp3	44100	2	mixed		67105	
abdulwadood_haneef	Abdulwadood Haneef	عبد الودود حنيف		abdulwadood_haneef_qdc_192k	hafs_an_asim	murattal			quranicaudio	quranicaudio	by_surah	114	mp3	mp3	44100	2	cbr	192	66252	
abdulwadood_haneef	Abdulwadood Haneef	عبد الودود حنيف		abdulwadood_haneef_qdc_256k	hafs_an_asim	murattal			quranicaudio	quranicaudio	by_surah	114	mp3	mp3	44100	2	mixed		76858	
abdulwadood_haneef	Abdulwadood Haneef	عبد الودود حنيف		abdulwadood_haneef_tvquran	hafs_an_asim	murattal			tvquran	tvquran	by_surah	114	mp3	mp3	22050	1	cbr	64	66434	
abdulwali_al_arkani	Abdulwali Al-Arkani	عبد الولي الأركاني		abdulwali_al_arkani_archive	hafs_an_asim	murattal			surah-quran	archive_org	by_surah	81	mp3	mp3	44100	2	mixed		47456	
abdulwali_al_arkani	Abdulwali Al-Arkani	عبد الولي الأركاني		abdulwali_al_arkani_mp3quran	hafs_an_asim	murattal			mp3quran	mp3quran	by_surah	114	mp3	mp3	44100	2	mixed		88041	
abdulwali_al_arkani	Abdulwali Al-Arkani	عبد الولي الأركاني		abdulwali_al_arkani_tvquran	hafs_an_asim	murattal			tvquran	tvquran	by_surah	25	mp3	mp3	22050	2	cbr	64	21559	
abdur_rashid_sufi	Abdur-Rashid Sufi	عبد الرشيد صوفي	Saudi Arabia	abdur_rashid_sufi_duri_amr_qdc	duri_abu_amr	murattal			quranicaudio	quranicaudio	by_surah	114	mp3	mp3	44100	2	cbr	128	88011	
abdur_rashid_sufi	Abdur-Rashid Sufi	عبد الرشيد صوفي	Saudi Arabia	abdur_rashid_sufi_khalaf_hamzah_mp3quran	khalaf_an_hamzah	murattal			mp3quran	mp3quran	by_surah	114	mp3	mp3	44100	2	mixed		96347	
abdur_rashid_sufi	Abdur-Rashid Sufi	عبد الرشيد صوفي	Saudi Arabia	abdur_rashid_sufi_khalaf_hamzah_qdc	khalaf_an_hamzah	murattal			quranicaudio	quranicaudio	by_surah	114	mp3	mp3	44100	2	mixed		96548	
abdur_rashid_sufi	Abdur-Rashid Sufi	عبد الرشيد صوفي	Saudi Arabia	abdur_rashid_sufi_khalaf_hamzah_tvquran	khalaf_an_hamzah	murattal			tvquran	tvquran	by_surah	114	mp3	mp3	22050	2	cbr	64	95648	
abdur_rashid_sufi	Abdur-Rashid Sufi	عبد الرشيد صوفي	Saudi Arabia	abdur_rashid_sufi_layth_qdc	layth_al_kisai	murattal			quranicaudio	quranicaudio	by_surah	114	mp3	mp3	44100	2	cbr	128	89950	
abdur_rashid_sufi	Abdur-Rashid Sufi	عبد الرشيد صوفي	Saudi Arabia	abdur_rashid_sufi_mp3quran	hafs_an_asim	murattal			mp3quran	mp3quran	by_surah	114	mp3	mp3	44100	2	cbr	128	88027	
abdur_rashid_sufi	Abdur-Rashid Sufi	عبد الرشيد صوفي	Saudi Arabia	abdur_rashid_sufi_qdc	hafs_an_asim	murattal			quranicaudio	quranicaudio	by_surah	114	mp3	mp3	44100	2	mixed		88125	
abdur_rashid_sufi	Abdur-Rashid Sufi	عبد الرشيد صوفي	Saudi Arabia	abdur_rashid_sufi_shubah_qdc	shubah_an_asim	murattal			quranicaudio	quranicaudio	by_surah	114	mp3	mp3	44100	2	cbr	128	88017	
abdur_rashid_sufi	Abdur-Rashid Sufi	عبد الرشيد صوفي	Saudi Arabia	abdur_rashid_sufi_susi_mp3quran	susi_abu_amr	murattal			mp3quran	mp3quran	by_surah	114	mp3	mp3	44100	2	cbr	128	84089	
abdur_rashid_sufi	Abdur-Rashid Sufi	عبد الرشيد صوفي	Saudi Arabia	abdur_rashid_sufi_susi_qdc_130k	susi_abu_amr	murattal			quranicaudio	quranicaudio	by_surah	114	mp3	mp3	44100	2	mixed		76125	
abdur_rashid_sufi	Abdur-Rashid Sufi	عبد الرشيد صوفي	Saudi Arabia	abdur_rashid_sufi_susi_qdc_192k	susi_abu_amr	murattal			quranicaudio	quranicaudio	by_surah	114	mp3	mp3	48000	2	mixed		84185	
abdur_rashid_sufi	Abdur-Rashid Sufi	عبد الرشيد صوفي	Saudi Arabia	abdur_rashid_sufi_susi_tvquran	susi_abu_amr	murattal			tvquran	tvquran	by_surah	114	mp3	mp3	22050	2	cbr	64	84160	
abdurrazzaq_al_dulaimi	Abdurrazzaq Al-Dulaimi	عبد الرزاق الدليمي	Iraq	abdurrazzaq_al_dulaimi_archive	hafs_an_asim	murattal			surah-quran	archive_org	by_surah	114	mp3	mp3	44100	2	mixed		189254	
abdurrazzaq_al_dulaimi	Abdurrazzaq Al-Dulaimi	عبد الرزاق الدليمي	Iraq	abdurrazzaq_al_dulaimi_mujawwad_qdc	hafs_an_asim	mujawwad			quranicaudio	quranicaudio	by_surah	114	mp3	mp3	44100	2	mixed		189196	
abu_bakr_al_shatri	Abu Bakr Al-Shatri	أبو بكر الشاطري	Saudi Arabia	abu_bakr_al_shatri_everyayah_byayah	hafs_an_asim	murattal			everyayah	everyayah	by_ayah	6236	mp3	mp3			unknown		93789	
abu_bakr_al_shatri	Abu Bakr Al-Shatri	أبو بكر الشاطري	Saudi Arabia	abu_bakr_al_shatri_mp3quran	hafs_an_asim	murattal			mp3quran	mp3quran	by_surah	114	mp3	mp3	44100	2	mixed		93840	
abu_bakr_al_shatri	Abu Bakr Al-Shatri	أبو بكر الشاطري	Saudi Arabia	abu_bakr_al_shatri_taraweeh_qdc	hafs_an_asim	murattal	taraweeh		quranicaudio	quranicaudio	by_surah	114	mp3	mp3	44100	2	cbr	128	91674	
abu_bakr_al_shatri	Abu Bakr Al-Shatri	أبو بكر الشاطري	Saudi Arabia	abu_bakr_al_shatri_tarteel	hafs_an_asim	murattal			qul	tarteel	by_surah	114	mp3	mp3	44100	2	mixed		92793	
abu_bakr_al_shatri	Abu Bakr Al-Shatri	أبو بكر الشاطري	Saudi Arabia	abu_bakr_al_shatri_tvquran	hafs_an_asim	murattal			tvquran	tvquran	by_surah	114	mp3	mp3	22050	2	mixed		93970	
adel_al_kalbani	Adel Al-Kalbani	عادل الكلباني	Saudi Arabia	adel_al_kalbani_mp3quran	hafs_an_asim	murattal			mp3quran	mp3quran	by_surah	114	mp3	mp3	44100	2	mixed		77781	
adel_al_kalbani	Adel Al-Kalbani	عادل الكلباني	Saudi Arabia	adel_al_kalbani_qdc	hafs_an_asim	murattal			qul	quranicaudio	by_surah	114	mp3	mp3	44100	2	cbr	128	82142	
adel_al_kalbani	Adel Al-Kalbani	عادل الكلباني	Saudi Arabia	adel_al_kalbani_qdc_v2	hafs_an_asim	murattal			quranicaudio	quranicaudio	by_surah	114	mp3	mp3	44100	2	mixed		77584	
adel_al_kalbani	Adel Al-Kalbani	عادل الكلباني	Saudi Arabia	adel_al_kalbani_tvquran	hafs_an_asim	murattal			tvquran	tvquran	by_surah	114	mp3	mp3	44100	2	cbr	64	82936	
adel_muslim	Adel Muslim	عادل مسلم		adel_muslim_tvquran	hafs_an_asim	murattal			tvquran	tvquran	by_surah	114	mp3	mp3	22050	2	cbr	64	94170	
adel_rayan	Adel Rayan	عادل ريان		adel_rayan_mp3quran	hafs_an_asim	murattal			mp3quran	mp3quran	by_surah	114	mp3	mp3	44100	2	mixed		90413	
adel_rayan	Adel Rayan	عادل ريان		adel_rayan_tvquran	hafs_an_asim	murattal			tvquran	tvquran	by_surah	114	mp3	mp3	32000	2	mixed		90952	
adham_nabulsi	Adham Nabulsi	أدهم نابلسي		adham_nabulsi_archive	hafs_an_asim	murattal			surah-quran	archive_org	by_surah	7	mp3	mp3	48000	2	mixed		5761	
afif_taj	Afif Taj	عفيف تاج		afif_taj_archive	hafs_an_asim	murattal			surah-quran	archive_org	by_surah	22	mp3	mp3			unknown			
ahmed_abdurahman_darar	Ahmed Abdurahman Darar	أحمد عبد الرحمن ضرار		ahmed_abdurahman_darar_tvquran	hafs_an_asim	murattal			tvquran	tvquran	by_surah	114	mp3	mp3	48000	2	cbr	192	119548	
ahmed_al_ajmi	Ahmed Al-Ajmi	أحمد بن علي العجمي	Saudi Arabia	ahmed_al_ajmi_everyayah_byayah	hafs_an_asim	murattal			everyayah	everyayah	by_ayah	6236	mp3	mp3			unknown		95050	
ahmed_al_ajmi	Ahmed Al-Ajmi	أحمد بن علي العجمي	Saudi Arabia	ahmed_al_ajmi_mp3quran	hafs_an_asim	murattal			mp3quran	mp3quran	by_surah	114	mp3	mp3	44100	2	mixed		95192	
ahmed_al_ajmi	Ahmed Al-Ajmi	أحمد بن علي العجمي	Saudi Arabia	ahmed_al_ajmi_qdc	hafs_an_asim	murattal			quranicaudio	quranicaudio	by_surah	114	mp3	mp3	44100	2	cbr	160	94989	
ahmed_al_ajmi	Ahmed Al-Ajmi	أحمد بن علي العجمي	Saudi Arabia	ahmed_al_ajmi_tvquran	hafs_an_asim	murattal			tvquran	tvquran	by_surah	114	mp3	mp3	22050	2	cbr	64	95444	
ahmed_al_hadad	Ahmed Al-Hadad	أحمد الحداد		ahmed_al_hadad_tvquran	hafs_an_asim	murattal			tvquran	tvquran	by_surah	114	mp3	mp3	44100	2	mixed		84220	
ahmed_al_hawashi	Ahmed Al-Hawashi	أحمد الحواشي		ahmed_al_hawashi_mp3quran	hafs_an_asim	murattal			mp3quran	mp3quran	by_surah	114	mp3	mp3	44100	2	cbr	128	81757	
ahmed_al_hawashi	Ahmed Al-Hawashi	أحمد الحواشي		ahmed_al_hawashi_tvquran	hafs_an_asim	murattal			tvquran	tvquran	by_surah	114	mp3	mp3	22050	2	cbr	64	81840	
ahmed_al_huthaifi	Ahmed Al-Huthaifi	أحمد الحذيفي	Saudi Arabia	ahmed_al_huthaifi_mp3quran	hafs_an_asim	murattal			mp3quran	mp3quran	by_surah	110	mp3	mp3	44100	2	mixed		85269	
ahmed_al_huthaifi	Ahmed Al-Huthaifi	أحمد الحذيفي	Saudi Arabia	ahmed_al_huthaifi_qdc	hafs_an_asim	murattal			quranicaudio	quranicaudio	by_surah	69	mp3	mp3	44100	2	cbr	128	25985	
ahmed_al_huthaifi	Ahmed Al-Huthaifi	أحمد الحذيفي	Saudi Arabia	ahmed_al_huthaifi_tvquran	hafs_an_asim	murattal			tvquran	tvquran	by_surah	65	mp3	mp3	44100	2	cbr	128	24659	
ahmed_al_lahdan	Ahmed Al-Lahdan	أحمد اللحدان	Bahrain	ahmed_al_lahdan_archive	hafs_an_asim	murattal			surah-quran	archive_org	by_surah	114	mp3	mp3	44100	2	cbr	128	102547	
ahmed_al_nufais	Ahmed Al-Nufais	أحمد النفيس	Kuwait	ahmed_al_nufais_mp3quran	hafs_an_asim	murattal			mp3quran	mp3quran	by_surah	114	mp3	mp3	22050	2	mixed		111729	
ahmed_al_nufais	Ahmed Al-Nufais	أحمد النفيس	Kuwait	ahmed_al_nufais_tarteel	hafs_an_asim	murattal			qul	tarteel	by_surah	114	mp3	mp3	44100	2	cbr	128	111261	
ahmed_al_nufais	Ahmed Al-Nufais	أحمد النفيس	Kuwait	ahmed_al_nufais_tarteel_byayah	hafs_an_asim	murattal			qul	tarteel	by_ayah	6236	mp3	mp3			unknown		111545	
ahmed_al_nufais	Ahmed Al-Nufais	أحمد النفيس	Kuwait	ahmed_al_nufais_tvquran	hafs_an_asim	murattal			tvquran	tvquran	by_surah	74	mp3	mp3	22050	2	mixed		48681	
ahmed_al_swailem	Ahmed Al-Swailem	أحمد السويلم		ahmed_al_swailem_mp3quran	hafs_an_asim	murattal			mp3quran	mp3quran	by_surah	114	mp3	mp3	44100	2	mixed		80150	
ahmed_alsaed_mndur	Ahmed Alsaed Mndur	أحمد السيد منذر		ahmed_alsaed_mndur_archive	hafs_an_asim	murattal			surah-quran	archive_org	by_surah	56	mp3	mp3	44100	2	mixed		74876	
ahmed_amer	Ahmed Amer	أحمد عامر	Egypt	ahmed_amer_mp3quran	hafs_an_asim	murattal			mp3quran	mp3quran	by_surah	114	mp3	mp3	44100	2	mixed		101852	
ahmed_amer	Ahmed Amer	أحمد عامر	Egypt	ahmed_amer_tvquran	hafs_an_asim	murattal			tvquran	tvquran	by_surah	114	mp3	mp3	22050	2	cbr	64	101522	
ahmed_deban	Ahmed Deban	أحمد ديبان		ahmed_deban_archive	hafs_an_asim	murattal			surah-quran	archive_org	by_surah	114	mp3	mp3			unknown			
ahmed_deban	Ahmed Deban	أحمد ديبان		ahmed_deban_bazzi_mp3quran	bazzi_ibn_kathir	murattal			mp3quran	mp3quran	by_surah	114	mp3	mp3	48000	2	cbr	320	84803	
ahmed_deban	Ahmed Deban	أحمد ديبان		ahmed_deban_dhakwan_mp3quran	ibn_dhakwan_ibn_amir	murattal			mp3quran	mp3quran	by_surah	33	mp3	mp3	48000	2	cbr	320	35157	
ahmed_deban	Ahmed Deban	أحمد ديبان		ahmed_deban_duri_amr_mp3quran	duri_abu_amr	murattal			mp3quran	mp3quran	by_surah	114	mp3	mp3	48000	2	mixed		93196	
ahmed_deban	Ahmed Deban	أحمد ديبان		ahmed_deban_duri_kisai_mp3quran	duri_al_kisai	murattal			mp3quran	mp3quran	by_surah	13	mp3	mp3	48000	2	cbr	320	441	
ahmed_deban	Ahmed Deban	أحمد ديبان		ahmed_deban_hisham_mp3quran	hisham_ibn_amir	murattal			mp3quran	mp3quran	by_surah	27	mp3	mp3	48000	2	cbr	320	34265	
ahmed_deban	Ahmed Deban	أحمد ديبان		ahmed_deban_ibn_jummaz_mp3quran	ibn_jummaz_abu_jafar	murattal			mp3quran	mp3quran	by_surah	11	mp3	mp3	48000	2	cbr	320	408	
ahmed_deban	Ahmed Deban	أحمد ديبان		ahmed_deban_khalaf_hamzah_mp3quran	khalaf_an_hamzah	murattal			mp3quran	mp3quran	by_surah	6	mp3	mp3	48000	2	vbr	180	222	
ahmed_deban	Ahmed Deban	أحمد ديبان		ahmed_deban_mp3quran	hafs_an_asim	murattal			mp3quran	mp3quran	by_surah	114	mp3	mp3	48000	2	mixed		98155	
ahmed_deban	Ahmed Deban	أحمد ديبان		ahmed_deban_qalon_mp3quran	qalon_an_nafi	murattal			mp3quran	mp3quran	by_surah	114	mp3	mp3	48000	2	cbr	320	95257	
ahmed_deban	Ahmed Deban	أحمد ديبان		ahmed_deban_qunbul_mp3quran	qunbul_ibn_kathir	murattal			mp3quran	mp3quran	by_surah	114	mp3	mp3	48000	2	mixed		84782	
ahmed_deban	Ahmed Deban	أحمد ديبان		ahmed_deban_shubah_mp3quran	shubah_an_asim	murattal			mp3quran	mp3quran	by_surah	114	mp3	mp3	44100	2	mixed		89609	
ahmed_deban	Ahmed Deban	أحمد ديبان		ahmed_deban_susi_mp3quran	susi_abu_amr	murattal			mp3quran	mp3quran	by_surah	19	mp3	mp3	48000	2	cbr	320	1000	
ahmed_deban	Ahmed Deban	أحمد ديبان		ahmed_deban_warsh_mp3quran	warsh_an_nafi	murattal			mp3quran	mp3quran	by_surah	114	mp3	mp3	48000	2	mixed		111275	
ahmed_el_shafei	Ahmed El-Shafei	أحمد الشافعي		ahmed_el_shafei_archive	hafs_an_asim	murattal			surah-quran	archive_org	by_surah	61	mp3	mp3			unknown			
ahmed_el_shafei	Ahmed El-Shafei	أحمد الشافعي		ahmed_el_shafei_tvquran	hafs_an_asim	murattal			tvquran	tvquran	by_surah	65	mp3	mp3	48000	2	mixed		66658	
ahmed_issa_al_maasaraawi	Ahmed Issa Al-Maasaraawi	أحمد عيسى المعصراوي	Egypt	ahmed_issa_al_maasaraawi_mp3quran	hafs_an_asim	murattal			mp3quran	mp3quran	by_surah	114	mp3	mp3	44100	2	mixed		98122	
ahmed_issa_al_maasaraawi	Ahmed Issa Al-Maasaraawi	أحمد عيسى المعصراوي	Egypt	ahmed_issa_al_maasaraawi_rawh_mp3quran	rawh_an_yaqub	murattal			mp3quran	mp3quran	by_surah	64	mp3	mp3	44100	2	cbr	128	13106	
ahmed_khader_al_trabulsi	Ahmed Khader Al-Trabulsi	أحمد خضر الطرابلسي	Libya	ahmed_khader_al_trabulsi_mp3quran	hafs_an_asim	murattal			mp3quran	mp3quran	by_surah	114	mp3	mp3	44100	2	mixed		104046	
ahmed_khader_al_trabulsi	Ahmed Khader Al-Trabulsi	أحمد خضر الطرابلسي	Libya	ahmed_khader_al_trabulsi_qalon_mp3quran	qalon_an_nafi	murattal			mp3quran	mp3quran	by_surah	114	mp3	mp3	44100	2	cbr	128	116721	
ahmed_khader_al_trabulsi	Ahmed Khader Al-Trabulsi	أحمد خضر الطرابلسي	Libya	ahmed_khader_al_trabulsi_qalon_tvquran	qalon_an_nafi	murattal			tvquran	tvquran	by_surah	114	mp3	mp3	22050	2	mixed		117625	
ahmed_khader_al_trabulsi	Ahmed Khader Al-Trabulsi	أحمد خضر الطرابلسي	Libya	ahmed_khader_al_trabulsi_tvquran	hafs_an_asim	murattal			tvquran	tvquran	by_surah	114	mp3	mp3	22050	2	cbr	64	104273	
ahmed_khedr	Ahmed Khedr	أحمد خضر		ahmed_khedr_archive	hafs_an_asim	murattal			surah-quran	archive_org	by_surah	53	mp3	mp3	48000	2	cbr	128	39410	
ahmed_mohammed_taher	Ahmed Mohammed Taher	أحمد محمد طاهر	Sudan	ahmed_mohammed_taher_archive	hafs_an_asim	murattal			surah-quran	archive_org	by_surah	114	mp3	mp3	44100	2	mixed		116675	
ahmed_mohammed_taher	Ahmed Mohammed Taher	أحمد محمد طاهر	Sudan	ahmed_mohammed_taher_tvquran	hafs_an_asim	murattal			tvquran	tvquran	by_surah	114	mp3	mp3	44100	2	mixed		111850	
ahmed_nasr	Ahmed Nasr	أحمد نصر	Egypt	ahmed_nasr_archive	hafs_an_asim	murattal			surah-quran	archive_org	by_surah	114	mp3	mp3	44100	1	vbr	76	113167	
ahmed_nuayna	Ahmed Nuayna	أحمد نعينع	Egypt	ahmed_nuayna_everyayah_byayah	hafs_an_asim	murattal			everyayah	everyayah	by_ayah	6236	mp3	mp3			unknown		108926	
ahmed_nuayna	Ahmed Nuayna	أحمد نعينع	Egypt	ahmed_nuayna_mp3quran	hafs_an_asim	murattal			mp3quran	mp3quran	by_surah	114	mp3	mp3	44100	2	cbr	128	108992	
ahmed_nuayna	Ahmed Nuayna	أحمد نعينع	Egypt	ahmed_nuayna_qdc	hafs_an_asim	murattal			quranicaudio	quranicaudio	by_surah	114	mp3	mp3	44100	2	cbr	128	108998	
ahmed_nuayna	Ahmed Nuayna	أحمد نعينع	Egypt	ahmed_nuayna_tvquran	hafs_an_asim	murattal			tvquran	tvquran	by_surah	114	mp3	mp3	22050	2	cbr	64	109278	
ahmed_saber	Ahmed Saber	أحمد صابر		ahmed_saber_mp3quran	hafs_an_asim	murattal			mp3quran	mp3quran	by_surah	114	mp3	mp3	11025	2	mixed		94366	
ahmed_saber	Ahmed Saber	أحمد صابر		ahmed_saber_tvquran	hafs_an_asim	murattal			tvquran	tvquran	by_surah	114	mp3	mp3	11025	2	cbr	32	94688	
ahmed_saud	Ahmed Saud	أحمد سعود		ahmed_saud_mp3quran	hafs_an_asim	murattal			mp3quran	mp3quran	by_surah	30	mp3	mp3	44100	2	cbr	128	2397	
ahmed_saud	Ahmed Saud	أحمد سعود		ahmed_saud_tvquran	hafs_an_asim	murattal			tvquran	tvquran	by_surah	30	mp3	mp3	22050	2	cbr	64	2452	
ahmed_shaheen	Ahmed Khalil Shaheen	أحمد خليل شاهين		ahmed_shaheen_mp3quran	hafs_an_asim	murattal			mp3quran	mp3quran	by_surah	114	mp3	mp3	44100	2	cbr	128	103697	
ahmed_shaheen	Ahmed Khalil Shaheen	أحمد خليل شاهين		ahmed_shaheen_tvquran	hafs_an_asim	murattal			tvquran	tvquran	by_surah	114	mp3	mp3	44100	2	cbr	128	104527	
ahmed_talib_bin_humaid	Ahmed Talib bin Humaid	أحمد طالب بن حميد		ahmed_talib_bin_humaid_mp3quran	hafs_an_asim	murattal			mp3quran	mp3quran	by_surah	107	mp3	mp3	44100	2	mixed		74895	
akhil_abdulhayy	Akhil Abdulhayy	أخيل عبد الحي	Malaysia	akhil_abdulhayy_mp3quran	hafs_an_asim	murattal			mp3quran	mp3quran	by_surah	4	mp3	mp3	44100	2	cbr	128	3171	
akhil_abdulhayy	Akhil Abdulhayy	أخيل عبد الحي	Malaysia	akhil_abdulhayy_tvquran	hafs_an_asim	murattal			tvquran	tvquran	by_surah	4	mp3	mp3	22050	2	cbr	64	3185	
akram_al_alaqmi	Akram Al-Alaqmi	أكرم العلاقمي		akram_al_alaqmi_everyayah_byayah	hafs_an_asim	murattal			everyayah	everyayah	by_ayah	6236	mp3	mp3			unknown		101156	
akram_al_alaqmi	Akram Al-Alaqmi	أكرم العلاقمي		akram_al_alaqmi_mp3quran	hafs_an_asim	murattal			mp3quran	mp3quran	by_surah	114	mp3	mp3	44100	2	cbr	128	101220	
akram_al_alaqmi	Akram Al-Alaqmi	أكرم العلاقمي		akram_al_alaqmi_qdc	hafs_an_asim	murattal			quranicaudio	quranicaudio	by_surah	114	mp3	mp3	44100	2	cbr	128	101228	
akram_al_alaqmi	Akram Al-Alaqmi	أكرم العلاقمي		akram_al_alaqmi_tvquran	hafs_an_asim	murattal			tvquran	tvquran	by_surah	114	mp3	mp3	22050	2	cbr	64	101445	
al_amin_qunaiwa	Al-Amin Qunaiwa	الأمين قنيوة		al_amin_qunaiwa_qalon_mp3quran	qalon_an_nafi	murattal			mp3quran	mp3quran	by_surah	114	mp3	mp3	44100	2	cbr	128	103266	
al_amin_qunaiwa	Al-Amin Qunaiwa	الأمين قنيوة		al_amin_qunaiwa_qalon_tvquran	qalon_an_nafi	murattal			tvquran	tvquran	by_surah	114	mp3	mp3	44100	2	cbr	128	104160	
al_dokali_mohammed_alaalim	Al-Dokali Mohammed Al-Aalim	الدوكالي محمد العالم	Libya	al_dokali_mohammed_alaalim_qalon_mp3quran	qalon_an_nafi	murattal			mp3quran	mp3quran	by_surah	114	mp3	mp3	44100	2	cbr	128	98360	
al_dokali_mohammed_alaalim	Al-Dokali Mohammed Al-Aalim	الدوكالي محمد العالم	Libya	al_dokali_mohammed_alaalim_qalon_tvquran	qalon_an_nafi	murattal			tvquran	tvquran	by_surah	114	mp3	mp3	44100	1	cbr	48	97871	
al_hussayni_al_azazy	Al-Hussayni Al-Azazy	الحسيني العزازي	Egypt	al_hussayni_al_azazy_archive	hafs_an_asim	murattal			surah-quran	archive_org	by_surah	114	mp3	mp3			unknown		102152	
al_hussayni_al_azazy	Al-Hussayni Al-Azazy	الحسيني العزازي	Egypt	al_hussayni_al_azazy_kids_qdc	hafs_an_asim	children_repeat			quranicaudio	quranicaudio	by_surah	114	mp3	mp3	44100	2	cbr	192	220350	
al_hussayni_al_azazy	Al-Hussayni Al-Azazy	الحسيني العزازي	Egypt	al_hussayni_al_azazy_muallim_mp3quran	hafs_an_asim	muallim			mp3quran	mp3quran	by_surah	57	mp3	mp3	44100	2	cbr	128	24252	
al_hussayni_al_azazy	Al-Hussayni Al-Azazy	الحسيني العزازي	Egypt	al_hussayni_al_azazy_muallim_tvquran	hafs_an_asim	muallim			tvquran	tvquran	by_surah	57	mp3	mp3	22050	2	cbr	64	24414	
alaa_aqel	Alaa Aqel	علاء عقل		alaa_aqel_archive	hafs_an_asim	murattal			surah-quran	archive_org	by_surah	60	mp3	mp3	44100	2	cbr	128	12159	
alashri_omran	Alashri Omran	العشري عمران	Egypt	alashri_omran_mp3quran	hafs_an_asim	murattal			mp3quran	mp3quran	by_surah	113	mp3	mp3	16000	2	mixed		96821	
alashri_omran	Alashri Omran	العشري عمران	Egypt	alashri_omran_tvquran	hafs_an_asim	murattal			tvquran	tvquran	by_surah	114	mp3	mp3	22050	2	mixed		97470	
alfateh_alzubair	Alfateh Mohammed Alzubair	الفاتح محمد الزبير		alfateh_alzubair_duri_amr_mp3quran	duri_abu_amr	murattal			mp3quran	mp3quran	by_surah	114	mp3	mp3	22050	2	mixed		78545	
alfateh_alzubair	Alfateh Mohammed Alzubair	الفاتح محمد الزبير		alfateh_alzubair_duri_amr_tvquran	duri_abu_amr	murattal			tvquran	tvquran	by_surah	114	mp3	mp3	22050	2	mixed		78545	
ali_abdulsalam_al_yusuf	Ali Abdulsalam Al-Yusuf	علي عبد السلام اليوسف		ali_abdulsalam_al_yusuf_archive	hafs_an_asim	murattal			surah-quran	archive_org	by_surah	52	mp3	mp3	44100	2	mixed		18269	
ali_abu_hashim	Ali Abu Hashim	علي أبو هاشم		ali_abu_hashim_mp3quran	hafs_an_asim	murattal			mp3quran	mp3quran	by_surah	14	mp3	mp3	44100	2	cbr	128	13430	
ali_abu_hashim	Ali Abu Hashim	علي أبو هاشم		ali_abu_hashim_tvquran	hafs_an_asim	murattal			tvquran	tvquran	by_surah	8	mp3	mp3	22050	2	cbr	64	3534	
ali_al_huthaifi	Ali Al-Huthaifi	علي بن عبد الرحمن الحذيفي	Saudi Arabia	ali_al_huthaifi_everyayah_byayah	hafs_an_asim	murattal			everyayah	everyayah	by_ayah	6236	mp3	mp3			unknown		107874	
ali_al_huthaifi	Ali Al-Huthaifi	علي بن عبد الرحمن الحذيفي	Saudi Arabia	ali_al_huthaifi_mp3quran	hafs_an_asim	murattal			mp3quran	mp3quran	by_surah	114	mp3	mp3	24000	2	cbr	64	108034	
ali_al_huthaifi	Ali Al-Huthaifi	علي بن عبد الرحمن الحذيفي	Saudi Arabia	ali_al_huthaifi_qalon_mp3quran	qalon_an_nafi	murattal			mp3quran	mp3quran	by_surah	114	mp3	mp3	44100	2	cbr	128	96426	
ali_al_huthaifi	Ali Al-Huthaifi	علي بن عبد الرحمن الحذيفي	Saudi Arabia	ali_al_huthaifi_qalon_qdc	qalon_an_nafi	murattal			quranicaudio	quranicaudio	by_surah	114	mp3	mp3	44100	2	cbr	128	96453	
ali_al_huthaifi	Ali Al-Huthaifi	علي بن عبد الرحمن الحذيفي	Saudi Arabia	ali_al_huthaifi_qalon_tvquran	qalon_an_nafi	murattal			tvquran	tvquran	by_surah	114	mp3	mp3	22050	2	mixed		97894	
ali_al_huthaifi	Ali Al-Huthaifi	علي بن عبد الرحمن الحذيفي	Saudi Arabia	ali_al_huthaifi_qdc	hafs_an_asim	murattal			quranicaudio	quranicaudio	by_surah	114	mp3	mp3	44100	2	mixed		106889	
ali_al_huthaifi	Ali Al-Huthaifi	علي بن عبد الرحمن الحذيفي	Saudi Arabia	ali_al_huthaifi_shubah_mp3quran	shubah_an_asim	murattal			mp3quran	mp3quran	by_surah	114	mp3	mp3	22050	2	cbr	96	107779	
ali_al_huthaifi	Ali Al-Huthaifi	علي بن عبد الرحمن الحذيفي	Saudi Arabia	ali_al_huthaifi_tvquran	hafs_an_asim	murattal			tvquran	tvquran	by_surah	114	mp3	mp3	22050	2	cbr	48	108484	
ali_hajjaj_al_souasi	Ali Hajjaj Al-Souasi	علي حجاج السويسي	Egypt	ali_hajjaj_al_souasi_everyayah_byayah	hafs_an_asim	murattal			everyayah	everyayah	by_ayah	6236	mp3	mp3			unknown		111168	
ali_hajjaj_al_souasi	Ali Hajjaj Al-Souasi	علي حجاج السويسي	Egypt	ali_hajjaj_al_souasi_mp3quran	hafs_an_asim	murattal			mp3quran	mp3quran	by_surah	114	mp3	mp3	44100	2	mixed		111229	
ali_hajjaj_al_souasi	Ali Hajjaj Al-Souasi	علي حجاج السويسي	Egypt	ali_hajjaj_al_souasi_qdc	hafs_an_asim	murattal			quranicaudio	quranicaudio	by_surah	114	mp3	mp3	44100	2	mixed		111247	
ali_hajjaj_al_souasi	Ali Hajjaj Al-Souasi	علي حجاج السويسي	Egypt	ali_hajjaj_al_souasi_tvquran	hafs_an_asim	murattal			tvquran	tvquran	by_surah	114	mp3	mp3	22050	2	mixed		111457	
alijon_qari	Alijon Qari	عليجان قوري حمدان		alijon_qari_mp3quran	hafs_an_asim	murattal			mp3quran	mp3quran	by_surah	114	mp3	mp3	48000	2	cbr	320	110901	
alijon_qari	Alijon Qari	عليجان قوري حمدان		alijon_qari_qdc	hafs_an_asim	murattal			quranicaudio	quranicaudio	by_surah	114	mp3	mp3	48000	2	cbr	128	110880	
aloyoon_al_koshi	Aloyoon Al-Koshi	العيون الكوشي	Morocco	aloyoon_al_koshi_warsh_mp3quran	warsh_an_nafi	murattal			mp3quran	mp3quran	by_surah	114	mp3	mp3	44100	2	cbr	128	95964	
aloyoon_al_koshi	Aloyoon Al-Koshi	العيون الكوشي	Morocco	aloyoon_al_koshi_warsh_tvquran	warsh_an_nafi	murattal			tvquran	tvquran	by_surah	114	mp3	mp3	22050	2	cbr	64	95986	
alzain_mohammed_ahmed	Alzain Mohammed Ahmed	الزين محمد أحمد	Sudan	alzain_mohammed_ahmed_mp3quran	hafs_an_asim	murattal			mp3quran	mp3quran	by_surah	114	mp3	mp3	44100	2	mixed		83659	
alzain_mohammed_ahmed	Alzain Mohammed Ahmed	الزين محمد أحمد	Sudan	alzain_mohammed_ahmed_tvquran	hafs_an_asim	murattal			tvquran	tvquran	by_surah	114	mp3	mp3	22050	2	mixed		83852	
amer_alkazemi	Amer Al-Kazemi	عامر الكاظمي	Iraq	amer_alkazemi_archive	hafs_an_asim	murattal			surah-quran	archive_org	by_surah	114	mp3	mp3	16000	2	mixed		101513	
ammar_louay_almulla_ali	Ammar Louay Al-Mulla Ali	عمار لؤي الملا علي	Syria	ammar_louay_almulla_ali_archive	hafs_an_asim	murattal			surah-quran	archive_org	by_surah	114	mp3	mp3	44100	2	mixed		103344	
anas_al_emadi	Anas Al-Emadi	أنس العمادي		anas_al_emadi_mp3quran	hafs_an_asim	murattal			mp3quran	mp3quran	by_surah	114	mp3	mp3	44100	2	cbr	128	92586	
anas_almiman	Anas Al-Miman	أنس الميمان	Saudi Arabia	anas_almiman_archive	hafs_an_asim	murattal			surah-quran	archive_org	by_surah	114	mp3	mp3	44100	2	mixed		90772	
anas_bourak	Anas Bourak	أنس بورك		anas_bourak_archive	hafs_an_asim	murattal			surah-quran	archive_org	by_surah	26	mp3	mp3	44100	2	mixed		13952	
anas_jalhoum	Anas Jalhoum	أنس جلهوم	Egypt	anas_jalhoum_archive	hafs_an_asim	murattal			surah-quran	archive_org	by_surah	114	mp3	mp3	44100	2	cbr	128	100046	
anas_mohammed	Anas Mohammed	أنس محمد		anas_mohammed_archive	hafs_an_asim	murattal			surah-quran	archive_org	by_surah	12	mp3	mp3	44100	2	cbr	128	11676	
asim_abdul_aleem	Asim Abdul Aleem	عاصم عبد العليم		asim_abdul_aleem_qdc	hafs_an_asim	murattal			quranicaudio	quranicaudio	by_surah	114	mp3	mp3	44100	2	mixed		86799	
ayman_ahmed_al_deeb	Ayman Ahmed Al-Deeb	أيمن أحمد الديب		ayman_ahmed_al_deeb_tvquran	hafs_an_asim	murattal			tvquran	tvquran	by_surah	114	mp3	mp3	22050	2	cbr	64	113808	
ayman_swed	Ayman Swed	أيمن سويد	Syria	ayman_swed_archive	hafs_an_asim	murattal			surah-quran	archive_org	by_surah	114	mp3	mp3	44100	2	cbr	96	27982	
ayman_swed	Ayman Swed	أيمن سويد	Syria	ayman_swed_everyayah_byayah	hafs_an_asim	murattal			everyayah	everyayah	by_ayah	6236	mp3	mp3			unknown		140934	
ayman_swed	Ayman Swed	أيمن سويد	Syria	ayman_swed_muallim_tvquran	hafs_an_asim	muallim			tvquran	tvquran	by_surah	114	mp3	mp3			unknown		151460	
aziz_alili	Aziz Alili	عزيز عليلي	Bosnia	aziz_alili_everyayah_byayah	hafs_an_asim	murattal			everyayah	everyayah	by_ayah	6236	mp3	mp3			unknown		92294	
aziz_alili	Aziz Alili	عزيز عليلي	Bosnia	aziz_alili_qdc	hafs_an_asim	murattal			quranicaudio	quranicaudio	by_surah	114	mp3	mp3	44100	2	mixed		92363	
badr_al_turki	Badr Al-Turki	بدر التركي		badr_al_turki_mp3quran	hafs_an_asim	murattal			mp3quran	mp3quran	by_surah	114	mp3	mp3	44100	2	mixed		90534	
badr_al_turki	Badr Al-Turki	بدر التركي		badr_al_turki_qdc	hafs_an_asim	murattal			quranicaudio	quranicaudio	by_surah	114	mp3	mp3	48000	2	cbr	128	90528	
badr_al_turki	Badr Al-Turki	بدر التركي		badr_al_turki_tvquran	hafs_an_asim	murattal			tvquran	tvquran	by_surah	114	mp3	mp3	44100	2	mixed		91342	
bandar_baleela	Bandar Baleela	بندر بليلة	Saudi Arabia	bandar_baleela_mp3quran	hafs_an_asim	murattal			mp3quran	mp3quran	by_surah	114	mp3	mp3	44100	2	mixed		94985	
bandar_baleela	Bandar Baleela	بندر بليلة	Saudi Arabia	bandar_baleela_qdc	hafs_an_asim	murattal			quranicaudio	quranicaudio	by_surah	114	mp3	mp3	44100	2	cbr	128	104515	
bandar_baleela	Bandar Baleela	بندر بليلة	Saudi Arabia	bandar_baleela_tvquran	hafs_an_asim	murattal			tvquran	tvquran	by_surah	54	mp3	mp3	22050	2	cbr	64	43142	
dawood_hamza	Dawood Hamza	داود حمزة	Libya	dawood_hamza_archive	hafs_an_asim	murattal			surah-quran	archive_org	by_surah	114	mp3	mp3			unknown			
dawood_hamza	Dawood Hamza	داود حمزة	Libya	dawood_hamza_mp3quran	hafs_an_asim	murattal			mp3quran	mp3quran	by_surah	114	mp3	mp3	44100	2	mixed		92892	
dawood_hamza	Dawood Hamza	داود حمزة	Libya	dawood_hamza_tvquran	hafs_an_asim	murattal			tvquran	tvquran	by_surah	86	mp3	mp3	22050	2	cbr	64	70074	
ezzedine_al_awami	Ezzedine Al-Awami	عز الدين العوامي		ezzedine_al_awami_archive	hafs_an_asim	murattal			surah-quran	archive_org	by_surah	18	mp3	mp3	44100	2	cbr	128	1887	
fahad_al_kandari	Fahad Al-Kandari	فهد الكندري	Kuwait	fahad_al_kandari_mp3quran	hafs_an_asim	murattal			mp3quran	mp3quran	by_surah	77	mp3	mp3	44100	2	mixed		39320	
fahad_al_kandari	Fahad Al-Kandari	فهد الكندري	Kuwait	fahad_al_kandari_tvquran	hafs_an_asim	murattal			tvquran	tvquran	by_surah	52	mp3	mp3	22050	2	cbr	64	10178	
fahad_al_mutairi	Fahad Al-Mutairi	فهد المطيري	Kuwait	fahad_al_mutairi_archive	hafs_an_asim	murattal			surah-quran	archive_org	by_surah	114	mp3	mp3	44100	2	vbr	158	105068	
fahad_al_otaibi	Fahad Al-Otaibi	فهد العتيبي		fahad_al_otaibi_mp3quran	hafs_an_asim	murattal			mp3quran	mp3quran	by_surah	8	mp3	mp3	44100	2	mixed		3126	
fahad_al_otaibi	Fahad Al-Otaibi	فهد العتيبي		fahad_al_otaibi_tvquran	hafs_an_asim	murattal			tvquran	tvquran	by_surah	4	mp3	mp3	22050	2	cbr	64	1839	
faisal_al_hajry	Faisal Al-Hajry	فيصل الهاجري		faisal_al_hajry_mp3quran	hafs_an_asim	murattal			mp3quran	mp3quran	by_surah	114	mp3	mp3	48000	2	cbr	320	110039	
fares_abbad	Fares Abbad	فارس عباد	Yemen	fares_abbad_everyayah_byayah	hafs_an_asim	murattal			everyayah	everyayah	by_ayah	6236	mp3	mp3			unknown		84319	
fares_abbad	Fares Abbad	فارس عباد	Yemen	fares_abbad_mp3quran	hafs_an_asim	murattal			mp3quran	mp3quran	by_surah	114	mp3	mp3	44100	2	mixed		84357	
fares_abbad	Fares Abbad	فارس عباد	Yemen	fares_abbad_qdc	hafs_an_asim	murattal			quranicaudio	quranicaudio	by_surah	114	mp3	mp3	44100	2	mixed		84720	
fares_abbad	Fares Abbad	فارس عباد	Yemen	fares_abbad_tvquran	hafs_an_asim	murattal			tvquran	tvquran	by_surah	114	mp3	mp3	22050	2	cbr	64	84416	
farman_shawani	Farman Shawani	فرمان شواني		farman_shawani_qdc	hafs_an_asim	murattal			quranicaudio	quranicaudio	by_surah	114	mp3	mp3	22050	2	cbr	48	104225	
fatih_cholak	Fatih Cholak	فاتح تشولاك	Turkey	fatih_cholak_archive	hafs_an_asim	murattal			surah-quran	archive_org	by_surah	114	mp3	mp3			unknown		113918	
fatih_seferagic	Fatih Seferagic	فاتح سفراجيك	Bosnia/USA	fatih_seferagic_qdc	hafs_an_asim	murattal			qul	quranicaudio	by_surah	114	mp3	mp3	48000	2	mixed		87775	
fawaz_al_kaabi	Fawaz Al-Kaabi	فواز الكعبي		fawaz_al_kaabi_mp3quran	hafs_an_asim	murattal			mp3quran	mp3quran	by_surah	49	mp3	mp3	44100	2	mixed		64550	
fawaz_al_kaabi	Fawaz Al-Kaabi	فواز الكعبي		fawaz_al_kaabi_tvquran	hafs_an_asim	murattal			tvquran	tvquran	by_surah	5	mp3	mp3	44100	2	mixed		5887	
fouad_al_khamri	Fouad Al-Khamri	فؤاد الخامري		fouad_al_khamri_mp3quran	hafs_an_asim	murattal			mp3quran	mp3quran	by_surah	114	mp3	mp3	44100	2	vbr	179	65334	
fouad_al_khamri	Fouad Al-Khamri	فؤاد الخامري		fouad_al_khamri_tvquran	hafs_an_asim	murattal			tvquran	tvquran	by_surah	114	mp3	mp3	22050	2	cbr	64	81597	
ghassan_al_shorbagi	Ghassan Al-Shorbagi	غسان الشوربجي	Palestine	ghassan_al_shorbagi_archive	hafs_an_asim	murattal			surah-quran	archive_org	by_surah	114	mp3	mp3			unknown		110840	
ghassan_al_shorbagi	Ghassan Al-Shorbagi	غسان الشوربجي	Palestine	ghassan_al_shorbagi_tvquran	hafs_an_asim	murattal			tvquran	tvquran	by_surah	114	mp3	mp3	44100	2	cbr	128	111831	
hady_toure	Hady Toure	الهادي توري	Senegal	hady_toure_archive	hafs_an_asim	murattal			surah-quran	archive_org	by_surah	114	mp3	mp3	48000	2	mixed		132699	
hady_toure	Hady Toure	الهادي توري	Senegal	hady_toure_qdc	hafs_an_asim	murattal			qul	quranicaudio	by_surah	114	mp3	mp3	48000	2	cbr	96	130218	
hady_toure	Hady Toure	الهادي توري	Senegal	hady_toure_tvquran	hafs_an_asim	murattal			tvquran	tvquran	by_surah	114	mp3	mp3	48000	2	mixed		132699	
haitham_al_dukhain	Haitham Al-Dukhain	هيثم الدخين		haitham_al_dukhain_mp3quran	hafs_an_asim	murattal			mp3quran	mp3quran	by_surah	114	mp3	mp3	44100	2	mixed		101681	
hajjaj_al_hindawi	Hajjaj Al-Hindawi	حجاج الهنداوي	Egypt	hajjaj_al_hindawi_archive	hafs_an_asim	murattal			surah-quran	archive_org	by_surah	114	mp3	mp3	22050	1	cbr	48	97788	
hamad_al_daghriri	Hamad Al-Daghriri	حمد الدغريري		hamad_al_daghriri_mp3quran	hafs_an_asim	murattal			mp3quran	mp3quran	by_surah	87	mp3	mp3	44100	2	mixed		42569	
hamad_al_daghriri	Hamad Al-Daghriri	حمد الدغريري		hamad_al_daghriri_tvquran	hafs_an_asim	murattal			tvquran	tvquran	by_surah	5	mp3	mp3	44100	2	cbr	128	5257	
hamad_sinan	Hamad Sinan	حمد سنان		hamad_sinan_qdc	hafs_an_asim	murattal			quranicaudio	quranicaudio	by_surah	114	mp3	mp3	44100	2	vbr	127	88734	
hamdi_attaher	Hamdi Attaher	حمدي الطاهر		hamdi_attaher_tvquran	hafs_an_asim	murattal			tvquran	tvquran	by_surah	71	mp3	mp3	44100	2	cbr	128	22206	
hamid_al_houti	Hamid Al-Houti	حميد الهوتي		hamid_al_houti_tvquran	hafs_an_asim	murattal			tvquran	tvquran	by_surah	28	mp3	mp3	44100	2	cbr	128	29770	
hamza_al_jazairi	Hamza Al-Jazairi	حمزة الجزائري	Algeria	hamza_al_jazairi_archive	hafs_an_asim	murattal			surah-quran	archive_org	by_surah	114	mp3	mp3	22050	2	mixed		83006	
hamza_boudib	Hamza Boudib	حمزة بوديب		hamza_boudib_archive	hafs_an_asim	murattal			surah-quran	archive_org	by_surah	16	mp3	mp3	44100	2	mixed		7332	
hamza_el_far	Hamza El-Far	حمزة الفار	Jordan	hamza_el_far_archive	hafs_an_asim	murattal			surah-quran	archive_org	by_surah	114	mp3	mp3	44100	2	cbr	128	99211	
hani_al_rifai	Hani Al-Rifai	هاني الرفاعي	Saudi Arabia	hani_al_rifai_everyayah_byayah	hafs_an_asim	murattal			everyayah	everyayah	by_ayah	6236	mp3	mp3			unknown		92567	
hani_al_rifai	Hani Al-Rifai	هاني الرفاعي	Saudi Arabia	hani_al_rifai_mp3quran	hafs_an_asim	murattal			mp3quran	mp3quran	by_surah	114	mp3	mp3	44100	2	cbr	128	92560	
hani_al_rifai	Hani Al-Rifai	هاني الرفاعي	Saudi Arabia	hani_al_rifai_qdc_128k	hafs_an_asim	murattal			qul	quranicaudio	by_surah	114	mp3	mp3	44100	2	mixed		91197	
hani_al_rifai	Hani Al-Rifai	هاني الرفاعي	Saudi Arabia	hani_al_rifai_qdc_192k	hafs_an_asim	murattal			quranicaudio	quranicaudio	by_surah	114	mp3	mp3	44100	2	mixed		92406	
hani_al_rifai	Hani Al-Rifai	هاني الرفاعي	Saudi Arabia	hani_al_rifai_tvquran	hafs_an_asim	murattal			tvquran	tvquran	by_surah	114	mp3	mp3	44100	1	mixed		96306	
haroon_baqai	Haroon Baqai	هارون بقائي		haroon_baqai_mp3quran	hafs_an_asim	murattal			mp3quran	mp3quran	by_surah	51	mp3	mp3	44100	2	mixed		7369	
hashim_abu_dalal	Hashim Abu Dalal	هاشم أبو دلال		hashim_abu_dalal_mp3quran	hafs_an_asim	murattal			mp3quran	mp3quran	by_surah	114	mp3	mp3	44100	2	cbr	320	89502	
hassan_al_daghriri	Hassan Al-Daghriri	حسن الدغريري		hassan_al_daghriri_mp3quran	hafs_an_asim	murattal			mp3quran	mp3quran	by_surah	114	mp3	mp3	48000	2	cbr	128	94784	
hassan_alwajdi	Hassan Al-Wajdi	حسن الوجدي	Somalia	hassan_alwajdi_archive	hafs_an_asim	murattal			surah-quran	archive_org	by_surah	114	mp3	mp3	16000	1	cbr	24	81145	
hassan_mohammed_saleh	Hassan Mohammed Saleh	حسن محمد صالح		hassan_mohammed_saleh_warsh_tvquran	warsh_an_nafi	murattal			tvquran	tvquran	by_surah	114	mp3	mp3	22050	2	cbr	64	93945	
hassan_saleh	Hassan Saleh	حسن صالح	Egypt	hassan_saleh_archive	hafs_an_asim	murattal			surah-quran	archive_org	by_surah	114	mp3	mp3	44100	2	cbr	112	99800	
hassan_saleh	Hassan Saleh	حسن صالح	Egypt	hassan_saleh_mp3quran	hafs_an_asim	murattal			mp3quran	mp3quran	by_surah	114	mp3	mp3	44100	2	mixed		88275	
hassan_saleh	Hassan Saleh	حسن صالح	Egypt	hassan_saleh_warsh_archive	warsh_an_nafi	murattal			surah-quran	archive_org	by_surah	114	mp3	mp3			unknown			
hatem_fareed_al_waer	Hatem Fareed Al-Waer	حاتم فريد الواعر		hatem_fareed_al_waer_mp3quran	hafs_an_asim	murattal			mp3quran	mp3quran	by_surah	114	mp3	mp3	44100	2	cbr	128	94232	
hatem_fareed_al_waer	Hatem Fareed Al-Waer	حاتم فريد الواعر		hatem_fareed_al_waer_qdc	hafs_an_asim	murattal			quranicaudio	quranicaudio	by_surah	60	mp3	mp3	44100	2	mixed		75776	
hatem_fareed_al_waer	Hatem Fareed Al-Waer	حاتم فريد الواعر		hatem_fareed_al_waer_tvquran	hafs_an_asim	murattal			tvquran	tvquran	by_surah	114	mp3	mp3	22050	2	cbr	64	97823	
hazem_seif	Hazem Seif	حازم سيف		hazem_seif_archive	hafs_an_asim	murattal			surah-quran	archive_org	by_surah	38	mp3	mp3	44100	2	cbr	128	37393	
hazza_al_balushi	Hazza Al-Balushi	هزاع البلوشي	UAE	hazza_al_balushi_archive	hafs_an_asim	murattal			surah-quran	archive_org	by_surah	80	mp3	mp3	44100	2	mixed		33840	
hazza_al_balushi	Hazza Al-Balushi	هزاع البلوشي	UAE	hazza_al_balushi_mp3quran	hafs_an_asim	murattal			mp3quran	mp3quran	by_surah	83	mp3	mp3	44100	2	mixed		39125	
hazza_al_balushi	Hazza Al-Balushi	هزاع البلوشي	UAE	hazza_al_balushi_tvquran	hafs_an_asim	murattal			tvquran	tvquran	by_surah	75	mp3	mp3	44100	2	mixed		28185	
hicham_lharraz	Hicham Lharraz	هشام الهراز	Morocco	hicham_lharraz_warsh_mp3quran	warsh_an_nafi	murattal			mp3quran	mp3quran	by_surah	113	mp3	mp3	44100	2	mixed		92373	
hitham_al_jadani	Hitham Al-Jadani	هيثم الجدعاني		hitham_al_jadani_mp3quran	hafs_an_asim	murattal			mp3quran	mp3quran	by_surah	101	mp3	mp3	44100	2	mixed		79564	
hussain_al_sheikh	Hussain Al ash-Sheikh	حسين آل الشيخ	Saudi Arabia	hussain_al_sheikh_mp3quran	hafs_an_asim	murattal			mp3quran	mp3quran	by_surah	59	mp3	mp3	44100	2	cbr	128	21747	
hussain_al_sheikh	Hussain Al ash-Sheikh	حسين آل الشيخ	Saudi Arabia	hussain_al_sheikh_tvquran	hafs_an_asim	murattal			tvquran	tvquran	by_surah	20	mp3	mp3	44100	2	cbr	128	9958	
ibrahim_al_akhdar	Ibrahim Al-Akhdar	إبراهيم الأخضر	Saudi Arabia	ibrahim_al_akhdar_everyayah_byayah	hafs_an_asim	murattal			everyayah	everyayah	by_ayah	6236	mp3	mp3			unknown		120710	
ibrahim_al_akhdar	Ibrahim Al-Akhdar	إبراهيم الأخضر	Saudi Arabia	ibrahim_al_akhdar_mp3quran	hafs_an_asim	murattal			mp3quran	mp3quran	by_surah	114	mp3	mp3	22050	2	cbr	48	120881	
ibrahim_al_akhdar	Ibrahim Al-Akhdar	إبراهيم الأخضر	Saudi Arabia	ibrahim_al_akhdar_qdc	hafs_an_asim	murattal			quranicaudio	quranicaudio	by_surah	114	mp3	mp3	22050	1	mixed		118574	
ibrahim_al_akhdar	Ibrahim Al-Akhdar	إبراهيم الأخضر	Saudi Arabia	ibrahim_al_akhdar_tvquran	hafs_an_asim	murattal			tvquran	tvquran	by_surah	114	mp3	mp3	22050	2	cbr	48	120881	
ibrahim_al_asiri	Ibrahim Al-Asiri	إبراهيم العسيري		ibrahim_al_asiri_mp3quran	hafs_an_asim	murattal			mp3quran	mp3quran	by_surah	114	mp3	mp3	44100	2	mixed		107353	
ibrahim_al_asiri	Ibrahim Al-Asiri	إبراهيم العسيري		ibrahim_al_asiri_tvquran	hafs_an_asim	murattal			tvquran	tvquran	by_surah	19	mp3	mp3	44100	2	mixed		24231	
ibrahim_al_jarmy	Ibrahim Al-Jarmy	إبراهيم الجرمي		ibrahim_al_jarmy_mp3quran	hafs_an_asim	murattal			mp3quran	mp3quran	by_surah	114	mp3	mp3	44100	2	cbr	128	103269	
ibrahim_al_jarmy	Ibrahim Al-Jarmy	إبراهيم الجرمي		ibrahim_al_jarmy_tvquran	hafs_an_asim	murattal			tvquran	tvquran	by_surah	114	mp3	mp3	44100	2	cbr	128	103076	
ibrahim_al_jibrin	Ibrahim Al-Jibrin	إبراهيم الجبرين		ibrahim_al_jibrin_mp3quran	hafs_an_asim	murattal			mp3quran	mp3quran	by_surah	107	mp3	mp3	44100	2	mixed		76932	
ibrahim_al_jibrin	Ibrahim Al-Jibrin	إبراهيم الجبرين		ibrahim_al_jibrin_qdc	hafs_an_asim	murattal			quranicaudio	quranicaudio	by_surah	69	mp3	mp3	44100	2	mixed		39809	
ibrahim_al_jibrin	Ibrahim Al-Jibrin	إبراهيم الجبرين		ibrahim_al_jibrin_tvquran	hafs_an_asim	murattal			tvquran	tvquran	by_surah	79	mp3	mp3	22050	2	mixed		27986	
ibrahim_al_qarjawi	Ibrahim Al-Qarjawi	إبراهيم القرجاوي		ibrahim_al_qarjawi_rawh_tvquran	rawh_an_yaqub	murattal			tvquran	tvquran	by_surah	114	mp3	mp3	44100	2	cbr	128	92924	
ibrahim_al_saadan	Ibrahim Al-Saadan	إبراهيم السعدان		ibrahim_al_saadan_mp3quran	hafs_an_asim	murattal			mp3quran	mp3quran	by_surah	50	mp3	mp3	44100	2	mixed		36948	
ibrahim_al_saadan	Ibrahim Al-Saadan	إبراهيم السعدان		ibrahim_al_saadan_tvquran	hafs_an_asim	murattal			tvquran	tvquran	by_surah	4	mp3	mp3	32000	2	cbr	128	7351	
ibrahim_al_shahri	Ibrahim Al-Shahri	إبراهيم الشهري		ibrahim_al_shahri_mp3quran	hafs_an_asim	murattal			mp3quran	mp3quran	by_surah	113	mp3	mp3	44100	2	mixed		93380	
ibrahim_aldosari	Ibrahim Al-Dosari	إبراهيم الدوسري		ibrahim_aldosari_mp3quran	hafs_an_asim	murattal			mp3quran	mp3quran	by_surah	114	mp3	mp3	44100	2	mixed		119904	
ibrahim_aldosari	Ibrahim Al-Dosari	إبراهيم الدوسري		ibrahim_aldosari_warsh_mp3quran	warsh_an_nafi	murattal			mp3quran	mp3quran	by_surah	114	mp3	mp3	22050	1	cbr	40	136535	
ibrahim_aldosari	Ibrahim Al-Dosari	إبراهيم الدوسري		ibrahim_aldosari_warsh_tvquran	warsh_an_nafi	murattal			tvquran	tvquran	by_surah	114	mp3	mp3	22050	1	cbr	40	136793	
ibrahim_kshidan	Ibrahim Kshidan	إبراهيم كشيدان	Libya	ibrahim_kshidan_qalon_mp3quran	qalon_an_nafi	murattal			mp3quran	mp3quran	by_surah	114	mp3	mp3	44100	2	mixed		88259	
idrees_abkar	Idrees Abkar	إدريس أبكر	Saudi Arabia	idrees_abkar_mp3quran	hafs_an_asim	murattal			mp3quran	mp3quran	by_surah	114	mp3	mp3	44100	2	mixed		108732	
idrees_abkar	Idrees Abkar	إدريس أبكر	Saudi Arabia	idrees_abkar_qdc	hafs_an_asim	murattal			quranicaudio	quranicaudio	by_surah	114	mp3	mp3	44100	2	mixed		107456	
idrees_abkar	Idrees Abkar	إدريس أبكر	Saudi Arabia	idrees_abkar_tvquran	hafs_an_asim	murattal			tvquran	tvquran	by_surah	74	mp3	mp3	22050	2	mixed		57383	
ilhan_tok	Ilhan Tok	إلهان توك	Turkey	ilhan_tok_archive	hafs_an_asim	murattal			surah-quran	archive_org	by_surah	114	mp3	mp3			unknown			
ilyas_hajri	Ilyas Hajri	إلياس هاجري		ilyas_hajri_archive	hafs_an_asim	murattal			surah-quran	archive_org	by_surah	44	mp3	mp3	48000	2	mixed		48613	
imad_almansri	Imad Al-Mansri	عماد المنصري	Saudi Arabia	imad_almansri_archive	hafs_an_asim	murattal			surah-quran	archive_org	by_surah	114	mp3	mp3	44100	2	cbr	96	86839	
imad_zuhair_hafez	Imad Zuhair Hafez	عماد زهير حافظ	Saudi Arabia	imad_zuhair_hafez_mp3quran	hafs_an_asim	murattal			mp3quran	mp3quran	by_surah	114	mp3	mp3	22050	2	cbr	48	104202	
imad_zuhair_hafez	Imad Zuhair Hafez	عماد زهير حافظ	Saudi Arabia	imad_zuhair_hafez_qdc	hafs_an_asim	murattal			quranicaudio	quranicaudio	by_surah	114	mp3	mp3	44100	2	abr	89	104034	
imad_zuhair_hafez	Imad Zuhair Hafez	عماد زهير حافظ	Saudi Arabia	imad_zuhair_hafez_tvquran	hafs_an_asim	murattal			tvquran	tvquran	by_surah	114	mp3	mp3	22050	2	cbr	48	104420	
imams_of_alharam_mosque	Imams of Al-Haram Mosque	أئمة الحرم المكي	Saudi Arabia	imams_of_alharam_mosque_archive	hafs_an_asim	murattal			surah-quran	archive_org	by_surah	114	mp3	mp3			unknown		80210	
ishak_danish	Ishak Danish	إسحاق دانش	Turkey	ishak_danish_archive	hafs_an_asim	murattal			surah-quran	archive_org	by_surah	114	mp3	mp3			unknown		105928	
ishak_danish	Ishak Danish	إسحاق دانش	Turkey	ishak_danish_tvquran	hafs_an_asim	murattal			tvquran	tvquran	by_surah	114	mp3	mp3	22050	2	cbr	64	107049	
islam_sobhi	Islam Sobhi	إسلام صبحي	Egypt	islam_sobhi_archive	hafs_an_asim	murattal			surah-quran	archive_org	by_surah	100	mp3	mp3	44100	2	mixed		81488	
islam_sobhi	Islam Sobhi	إسلام صبحي	Egypt	islam_sobhi_mp3quran	hafs_an_asim	murattal			mp3quran	mp3quran	by_surah	106	mp3	mp3	44100	2	mixed		81595	
islam_sobhi	Islam Sobhi	إسلام صبحي	Egypt	islam_sobhi_tvquran	hafs_an_asim	murattal			tvquran	tvquran	by_surah	57	mp3	mp3	44100	2	mixed		40435	
issa_omar_sanankoua	Issa Omar Sanankoua	عيسى عمر سناكو		issa_omar_sanankoua_mp3quran	hafs_an_asim	murattal			mp3quran	mp3quran	by_surah	114	mp3	mp3	44100	2	mixed		94718	
jamaan_al_osaimi	Jamaan Al-Osaimi	جمعان العصيمي		jamaan_al_osaimi_mp3quran	hafs_an_asim	murattal			mp3quran	mp3quran	by_surah	114	mp3	mp3	22050	2	cbr	96	86817	
jamaan_al_osaimi	Jamaan Al-Osaimi	جمعان العصيمي		jamaan_al_osaimi_tvquran	hafs_an_asim	murattal			tvquran	tvquran	by_surah	114	mp3	mp3	22050	2	cbr	56	87079	
jamal_al_zailaie	Jamal Al-Zailaie	جمال الدين الزيلعي		jamal_al_zailaie_mp3quran	hafs_an_asim	murattal			mp3quran	mp3quran	by_surah	8	mp3	mp3	16000	1	mixed		3771	
jamal_al_zailaie	Jamal Al-Zailaie	جمال الدين الزيلعي		jamal_al_zailaie_tvquran	hafs_an_asim	murattal			tvquran	tvquran	by_surah	4	mp3	mp3	44100	2	cbr	128	1695	
jamal_shaker_abdullah	Jamal Shaker Abdullah	جمال شاكر عبد الله		jamal_shaker_abdullah_mp3quran	hafs_an_asim	murattal			mp3quran	mp3quran	by_surah	114	mp3	mp3	22050	2	cbr	64	81017	
jamal_shaker_abdullah	Jamal Shaker Abdullah	جمال شاكر عبد الله		jamal_shaker_abdullah_tvquran	hafs_an_asim	murattal			tvquran	tvquran	by_surah	114	mp3	mp3	22050	2	cbr	64	81017	
jazza_al_swaileh	Jazza Al-Swaileh	جزاع السويلح	Kuwait	jazza_al_swaileh_archive	hafs_an_asim	murattal			surah-quran	archive_org	by_surah	114	mp3	mp3	44100	2	cbr	128	97188	
jazza_al_swaileh	Jazza Al-Swaileh	جزاع السويلح	Kuwait	jazza_al_swaileh_tvquran	hafs_an_asim	murattal			tvquran	tvquran	by_surah	114	mp3	mp3	22050	2	cbr	64	98087	
junaid_adam_abdullah	Junaid Adam Abdullah	جنيد آدم عبد الله		junaid_adam_abdullah_mp3quran	hafs_an_asim	murattal			mp3quran	mp3quran	by_surah	114	mp3	mp3	44100	2	mixed		84479	
karim_mansouri	Karim Mansouri	كريم منصوري	Iran	karim_mansouri_archive	hafs_an_asim	murattal			surah-quran	archive_org	by_surah	114	mp3	mp3	44100	2	cbr	128	235451	
karim_mansouri	Karim Mansouri	كريم منصوري	Iran	karim_mansouri_everyayah_byayah	hafs_an_asim	murattal			everyayah	everyayah	by_ayah	6236	mp3	mp3			unknown		201835	
khalid_abdulkafi	Khalid Abdulkafi	خالد عبد الكافي		khalid_abdulkafi_mp3quran	hafs_an_asim	murattal			mp3quran	mp3quran	by_surah	114	mp3	mp3	44100	2	cbr	128	80389	
khalid_abdulkafi	Khalid Abdulkafi	خالد عبد الكافي		khalid_abdulkafi_tvquran	hafs_an_asim	murattal			tvquran	tvquran	by_surah	114	mp3	mp3	22050	2	cbr	64	80516	
khalid_al_ghamdi	Khalid Al-Ghamdi	خالد الغامدي	Saudi Arabia	khalid_al_ghamdi_mp3quran	hafs_an_asim	murattal			mp3quran	mp3quran	by_surah	102	mp3	mp3	44100	2	mixed		68742	
khalid_al_ghamdi	Khalid Al-Ghamdi	خالد الغامدي	Saudi Arabia	khalid_al_ghamdi_qdc	hafs_an_asim	murattal			quranicaudio	quranicaudio	by_surah	21	mp3	mp3	44100	2	mixed		10592	
khalid_al_ghamdi	Khalid Al-Ghamdi	خالد الغامدي	Saudi Arabia	khalid_al_ghamdi_tvquran	hafs_an_asim	murattal			tvquran	tvquran	by_surah	36	mp3	mp3	44100	2	mixed		19597	
khalid_al_hosani	Khalid Al-Hosani	خالد الحوسني	UAE	khalid_al_hosani_tvquran	hafs_an_asim	murattal			tvquran	tvquran	by_surah	28	mp3	mp3	44100	2	mixed		24596	
khalid_al_jaleel	Khalid Al-Jaleel	خالد الجليل	Saudi Arabia	khalid_al_jaleel_mp3quran	hafs_an_asim	murattal			mp3quran	mp3quran	by_surah	114	mp3	mp3	44100	2	mixed		83707	
khalid_al_jaleel	Khalid Al-Jaleel	خالد الجليل	Saudi Arabia	khalid_al_jaleel_qdc	hafs_an_asim	murattal			qul	quranicaudio	by_surah	114	mp3	mp3	44100	2	mixed		82256	
khalid_al_jaleel	Khalid Al-Jaleel	خالد الجليل	Saudi Arabia	khalid_al_jaleel_tvquran	hafs_an_asim	murattal			tvquran	tvquran	by_surah	114	mp3	mp3	44100	2	mixed		83647	
khalid_al_mohana	Khalid Al-Mohana	خالد المهنا		khalid_al_mohana_mp3quran	hafs_an_asim	murattal			mp3quran	mp3quran	by_surah	114	mp3	mp3	22050	2	cbr	48	107397	
khalid_al_mohana	Khalid Al-Mohana	خالد المهنا		khalid_al_mohana_tvquran	hafs_an_asim	murattal			tvquran	tvquran	by_surah	114	mp3	mp3	22050	2	cbr	48	107613	
khalid_al_qahtani	Khalid Al-Qahtani	خالد القحطاني	Saudi Arabia	khalid_al_qahtani_everyayah_byayah	hafs_an_asim	murattal			everyayah	everyayah	by_ayah	6236	mp3	mp3			unknown		99302	
khalid_al_qahtani	Khalid Al-Qahtani	خالد القحطاني	Saudi Arabia	khalid_al_qahtani_mp3quran	hafs_an_asim	murattal			mp3quran	mp3quran	by_surah	114	mp3	mp3	44100	2	cbr	128	99344	
khalid_al_qahtani	Khalid Al-Qahtani	خالد القحطاني	Saudi Arabia	khalid_al_qahtani_qdc	hafs_an_asim	murattal			quranicaudio	quranicaudio	by_surah	114	mp3	mp3	44100	2	mixed		100029	
khalid_al_qahtani	Khalid Al-Qahtani	خالد القحطاني	Saudi Arabia	khalid_al_qahtani_tvquran	hafs_an_asim	murattal			tvquran	tvquran	by_surah	114	mp3	mp3	22050	2	mixed		99399	
khalid_al_sharekh	Khalid Al-Sharekh	خالد الشارخ		khalid_al_sharekh_mp3quran	hafs_an_asim	murattal			mp3quran	mp3quran	by_surah	64	mp3	mp3	48000	2	mixed		57801	
khalid_al_shoraimi	Khalid Al-Shoraimi	خالد الشريمي		khalid_al_shoraimi_mp3quran	hafs_an_asim	murattal			mp3quran	mp3quran	by_surah	73	mp3	mp3	44100	2	mixed		10157	
khalid_al_shoraimi	Khalid Al-Shoraimi	خالد الشريمي		khalid_al_shoraimi_tvquran	hafs_an_asim	murattal			tvquran	tvquran	by_surah	73	mp3	mp3	44100	2	cbr	128	10214	
khalid_al_wahaibi	Khalid Al-Wahaibi	خالد الوهيبي		khalid_al_wahaibi_mp3quran	hafs_an_asim	murattal			mp3quran	mp3quran	by_surah	25	mp3	mp3	44100	2	mixed		42772	
khalid_al_wahaibi	Khalid Al-Wahaibi	خالد الوهيبي		khalid_al_wahaibi_tvquran	hafs_an_asim	murattal			tvquran	tvquran	by_surah	11	mp3	mp3	44100	2	mixed		11504	
khalid_mohammadi	Khalid Mohammadi	خالد كريم محمدي		khalid_mohammadi_mp3quran	hafs_an_asim	murattal			mp3quran	mp3quran	by_surah	114	mp3	mp3	24000	2	cbr	96	97800	
khalifa_al_tunaiji	Khalifa Al-Tunaiji	خليفة الطنيجي	UAE	khalifa_al_tunaiji_everyayah_byayah	hafs_an_asim	murattal			everyayah	everyayah	by_ayah	6236	mp3	mp3			unknown		98750	
khalifa_al_tunaiji	Khalifa Al-Tunaiji	خليفة الطنيجي	UAE	khalifa_al_tunaiji_mp3quran	hafs_an_asim	murattal			mp3quran	mp3quran	by_surah	114	mp3	mp3	22050	2	mixed		98803	
khalifa_al_tunaiji	Khalifa Al-Tunaiji	خليفة الطنيجي	UAE	khalifa_al_tunaiji_qdc	hafs_an_asim	murattal			qul	quranicaudio	by_surah	114	mp3	mp3	22050	2	mixed		99041	
khalifa_al_tunaiji	Khalifa Al-Tunaiji	خليفة الطنيجي	UAE	khalifa_al_tunaiji_qdc_v2	hafs_an_asim	murattal			quranicaudio	quranicaudio	by_surah	114	mp3	mp3	22050	2	mixed		98459	
khalifa_al_tunaiji	Khalifa Al-Tunaiji	خليفة الطنيجي	UAE	khalifa_al_tunaiji_tarteel	hafs_an_asim	murattal			qul	tarteel	by_surah	114	mp3	mp3	22050	2	mixed		98937	
khalifa_al_tunaiji	Khalifa Al-Tunaiji	خليفة الطنيجي	UAE	khalifa_al_tunaiji_tvquran	hafs_an_asim	murattal			tvquran	tvquran	by_surah	114	mp3	mp3	22050	2	cbr	56	98446	
khalil_al_saghir	Khalil Al-Saghir	خليل الصغير	Yemen	khalil_al_saghir_archive	hafs_an_asim	murattal			surah-quran	archive_org	by_surah	114	mp3	mp3	44100	2	vbr	75	101415	
khalil_didi	Khalil Didi	خليل ديدي		khalil_didi_warsh_tvquran	warsh_an_nafi	murattal			tvquran	tvquran	by_surah	114	mp3	mp3			unknown		111618	
khalil_ismail	Khalil Ismail	الحافظ خليل اسماعيل	Iraq	khalil_ismail_archive	hafs_an_asim	murattal			surah-quran	archive_org	by_surah	114	mp3	mp3			unknown			
lafi_al_oni	Lafi Al-Oni	لافي العوني		lafi_al_oni_mp3quran	hafs_an_asim	murattal			mp3quran	mp3quran	by_surah	84	mp3	mp3	44100	2	cbr	128	61850	
lafi_al_oni	Lafi Al-Oni	لافي العوني		lafi_al_oni_tvquran	hafs_an_asim	murattal			tvquran	tvquran	by_surah	53	mp3	mp3	22050	2	cbr	64	27850	
madinah_taraweeh_1419	Madinah Taraweeh 1419	تراويح المدينة 1419	Saudi Arabia	madinah_taraweeh_1419_taraweeh_qdc	hafs_an_asim	murattal	taraweeh		quranicaudio	quranicaudio	by_surah	113	mp3	mp3	44100	2	cbr	128	74893	
madinah_taraweeh_1423	Madinah Taraweeh 1423	تراويح المدينة 1423	Saudi Arabia	madinah_taraweeh_1423_taraweeh_qdc	hafs_an_asim	murattal	taraweeh		quranicaudio	quranicaudio	by_surah	114	mp3	mp3	44100	2	mixed		75659	
madinah_taraweeh_1426	Madinah Taraweeh 1426	تراويح المدينة 1426	Saudi Arabia	madinah_taraweeh_1426_taraweeh_qdc	hafs_an_asim	murattal	taraweeh		quranicaudio	quranicaudio	by_surah	114	mp3	mp3	44100	2	cbr	192	75252	
madinah_taraweeh_1427	Madinah Taraweeh 1427	تراويح المدينة 1427	Saudi Arabia	madinah_taraweeh_1427_taraweeh_qdc	hafs_an_asim	murattal	taraweeh		quranicaudio	quranicaudio	by_surah	114	mp3	mp3	44100	2	mixed		74392	
madinah_taraweeh_1428	Madinah Taraweeh 1428	تراويح المدينة 1428	Saudi Arabia	madinah_taraweeh_1428_taraweeh_qdc	hafs_an_asim	murattal	taraweeh		quranicaudio	quranicaudio	by_surah	114	mp3	mp3	44100	2	mixed		78041	
madinah_taraweeh_1429	Madinah Taraweeh 1429	تراويح المدينة 1429	Saudi Arabia	madinah_taraweeh_1429_taraweeh_qdc	hafs_an_asim	murattal	taraweeh		quranicaudio	quranicaudio	by_surah	114	mp3	mp3	44100	1	cbr	48	76178	
madinah_taraweeh_1430	Madinah Taraweeh 1430	تراويح المدينة 1430	Saudi Arabia	madinah_taraweeh_1430_taraweeh_qdc	hafs_an_asim	murattal	taraweeh		quranicaudio	quranicaudio	by_surah	114	mp3	mp3	44100	1	mixed		79575	
madinah_taraweeh_1431	Madinah Taraweeh 1431	تراويح المدينة 1431	Saudi Arabia	madinah_taraweeh_1431_taraweeh_qdc	hafs_an_asim	murattal	taraweeh		quranicaudio	quranicaudio	by_surah	114	mp3	mp3	44100	2	mixed		80701	
madinah_taraweeh_1432	Madinah Taraweeh 1432	تراويح المدينة 1432	Saudi Arabia	madinah_taraweeh_1432_taraweeh_qdc	hafs_an_asim	murattal	taraweeh		quranicaudio	quranicaudio	by_surah	114	mp3	mp3	44100	1	mixed		79154	
madinah_taraweeh_1433	Madinah Taraweeh 1433	تراويح المدينة 1433	Saudi Arabia	madinah_taraweeh_1433_taraweeh_qdc	hafs_an_asim	murattal	taraweeh		quranicaudio	quranicaudio	by_surah	114	mp3	mp3	44100	1	mixed		74820	
madinah_taraweeh_1434	Madinah Taraweeh 1434	تراويح المدينة 1434	Saudi Arabia	madinah_taraweeh_1434_taraweeh_qdc	hafs_an_asim	murattal	taraweeh		quranicaudio	quranicaudio	by_surah	114	mp3	mp3	44100	2	cbr	128	77574	
madinah_taraweeh_1435	Madinah Taraweeh 1435	تراويح المدينة 1435	Saudi Arabia	madinah_taraweeh_1435_taraweeh_qdc	hafs_an_asim	murattal	taraweeh		quranicaudio	quranicaudio	by_surah	114	mp3	mp3	44100	2	cbr	128	72791	
madinah_taraweeh_1436	Madinah Taraweeh 1436	تراويح المدينة 1436	Saudi Arabia	madinah_taraweeh_1436_taraweeh_qdc	hafs_an_asim	murattal	taraweeh		quranicaudio	quranicaudio	by_surah	114	mp3	mp3	44100	2	mixed		74710	
madinah_taraweeh_1437	Madinah Taraweeh 1437	تراويح المدينة 1437	Saudi Arabia	madinah_taraweeh_1437_taraweeh_qdc	hafs_an_asim	murattal	taraweeh		quranicaudio	quranicaudio	by_surah	114	mp3	mp3	44100	1	mixed		79667	
madinah_taraweeh_1439	Madinah Taraweeh 1439	تراويح المدينة 1439	Saudi Arabia	madinah_taraweeh_1439_taraweeh_qdc	hafs_an_asim	murattal	taraweeh		quranicaudio	quranicaudio	by_surah	114	mp3	mp3	24000	2	cbr	64	83167	
madinah_taraweeh_1440	Madinah Taraweeh 1440	تراويح المدينة 1440	Saudi Arabia	madinah_taraweeh_1440_taraweeh_qdc	hafs_an_asim	murattal	taraweeh		quranicaudio	quranicaudio	by_surah	114	mp3	mp3	16000	2	mixed		80512	
madinah_taraweeh_1441	Madinah Taraweeh 1441	تراويح المدينة 1441	Saudi Arabia	madinah_taraweeh_1441_taraweeh_qdc	hafs_an_asim	murattal	taraweeh		quranicaudio	quranicaudio	by_surah	114	mp3	mp3	44100	2	cbr	128	82080	
madinah_taraweeh_1442	Madinah Taraweeh 1442	تراويح المدينة 1442	Saudi Arabia	madinah_taraweeh_1442_taraweeh_qdc	hafs_an_asim	murattal	taraweeh		quranicaudio	quranicaudio	by_surah	114	mp3	mp3	44100	2	mixed		80256	
madinah_taraweeh_1443	Madinah Taraweeh 1443	تراويح المدينة 1443	Saudi Arabia	madinah_taraweeh_1443_taraweeh_qdc	hafs_an_asim	murattal	taraweeh		quranicaudio	quranicaudio	by_surah	114	mp3	mp3	48000	2	cbr	128	78337	
madinah_taraweeh_1444	Madinah Taraweeh 1444	تراويح المدينة 1444	Saudi Arabia	madinah_taraweeh_1444_taraweeh_qdc	hafs_an_asim	murattal	taraweeh		quranicaudio	quranicaudio	by_surah	114	mp3	mp3	48000	2	cbr	128	80992	
madinah_taraweeh_1445	Madinah Taraweeh 1445	تراويح المدينة 1445	Saudi Arabia	madinah_taraweeh_1445_taraweeh_qdc	hafs_an_asim	murattal	taraweeh		quranicaudio	quranicaudio	by_surah	114	mp3	mp3	48000	2	cbr	128	84431	
madinah_taraweeh_1446	Madinah Taraweeh 1446	تراويح المدينة 1446	Saudi Arabia	madinah_taraweeh_1446_taraweeh_qdc	hafs_an_asim	murattal	taraweeh		quranicaudio	quranicaudio	by_surah	114	mp3	mp3	48000	2	cbr	128	85207	
maher_al_muaiqly	Maher Al-Muaiqly	ماهر المعيقلي	Saudi Arabia	maher_al_muaiqly_everyayah_byayah	hafs_an_asim	murattal			everyayah	everyayah	by_ayah	6236	mp3	mp3			unknown		81646	
maher_al_muaiqly	Maher Al-Muaiqly	ماهر المعيقلي	Saudi Arabia	maher_al_muaiqly_mp3quran	hafs_an_asim	murattal			mp3quran	mp3quran	by_surah	114	mp3	mp3	22050	2	mixed		81963	
maher_al_muaiqly	Maher Al-Muaiqly	ماهر المعيقلي	Saudi Arabia	maher_al_muaiqly_muallim_mp3quran	hafs_an_asim	muallim			mp3quran	mp3quran	by_surah	38	mp3	mp3	48000	2	mixed		7545	
maher_al_muaiqly	Maher Al-Muaiqly	ماهر المعيقلي	Saudi Arabia	maher_al_muaiqly_mujawwad_mp3quran	hafs_an_asim	mujawwad			mp3quran	mp3quran	by_surah	114	mp3	mp3	44100	2	cbr	96	117219	
maher_al_muaiqly	Maher Al-Muaiqly	ماهر المعيقلي	Saudi Arabia	maher_al_muaiqly_qdc	hafs_an_asim	murattal			quranicaudio	quranicaudio	by_surah	114	mp3	mp3	44100	2	cbr	96	117164	
maher_al_muaiqly	Maher Al-Muaiqly	ماهر المعيقلي	Saudi Arabia	maher_al_muaiqly_tarteel	hafs_an_asim	murattal			qul	tarteel	by_surah	114	mp3	mp3	44100	2	cbr	128	80274	
maher_al_muaiqly	Maher Al-Muaiqly	ماهر المعيقلي	Saudi Arabia	maher_al_muaiqly_tvquran	hafs_an_asim	murattal			tvquran	tvquran	by_surah	114	mp3	mp3	22050	2	cbr	64	81406	
maher_alwan	Maher Alwan	ماهر علوان	Qatar	maher_alwan_archive	hafs_an_asim	murattal			surah-quran	archive_org	by_surah	114	mp3	mp3			unknown		46103	
maher_shakhashero	Maher Shakhashero	ماهر شخاشيرو		maher_shakhashero_mp3quran	hafs_an_asim	murattal			mp3quran	mp3quran	by_surah	114	mp3	mp3	44100	2	cbr	128	79196	
maher_shakhashero	Maher Shakhashero	ماهر شخاشيرو		maher_shakhashero_tvquran	hafs_an_asim	murattal			tvquran	tvquran	by_surah	114	mp3	mp3	22050	2	cbr	64	78722	
mahmoud_abdul_hakam	Mahmoud Abdul Hakam	محمود عبدالحكم	Egypt	mahmoud_abdul_hakam_archive	hafs_an_asim	murattal			surah-quran	archive_org	by_surah	114	mp3	mp3	44100	2	cbr	128	112528	
mahmoud_abdul_hakam	Mahmoud Abdul Hakam	محمود عبدالحكم	Egypt	mahmoud_abdul_hakam_mp3quran	hafs_an_asim	murattal			mp3quran	mp3quran	by_surah	114	mp3	mp3	44100	2	cbr	128	112825	
mahmoud_al_rifai	Mahmoud Al-Rifai	محمود الرفاعي		mahmoud_al_rifai_mp3quran	hafs_an_asim	murattal			mp3quran	mp3quran	by_surah	114	mp3	mp3	44100	2	cbr	128	95870	
mahmoud_al_rifai	Mahmoud Al-Rifai	محمود الرفاعي		mahmoud_al_rifai_tvquran	hafs_an_asim	murattal			tvquran	tvquran	by_surah	114	mp3	mp3	22050	2	cbr	64	96566	
mahmoud_al_sheimy	Mahmoud Al-Sheimy	محمود الشيمي		mahmoud_al_sheimy_duri_kisai_mp3quran	duri_al_kisai	murattal			mp3quran	mp3quran	by_surah	114	mp3	mp3	44100	2	cbr	128	110556	
mahmoud_al_sheimy	Mahmoud Al-Sheimy	محمود الشيمي		mahmoud_al_sheimy_duri_kisai_tvquran	duri_al_kisai	murattal			tvquran	tvquran	by_surah	114	mp3	mp3	44100	2	cbr	128	110982	
mahmoud_ali_al_banna	Mahmoud Ali Al-Banna	محمود علي البنا	Egypt	mahmoud_ali_al_banna_archive	hafs_an_asim	murattal			surah-quran	archive_org	by_surah	114	mp3	mp3	48000	2	cbr	128	97161	
mahmoud_ali_al_banna	Mahmoud Ali Al-Banna	محمود علي البنا	Egypt	mahmoud_ali_al_banna_everyayah_byayah	hafs_an_asim	murattal			everyayah	everyayah	by_ayah	6236	mp3	mp3			unknown		97341	
mahmoud_ali_al_banna	Mahmoud Ali Al-Banna	محمود علي البنا	Egypt	mahmoud_ali_al_banna_mp3quran	hafs_an_asim	murattal			mp3quran	mp3quran	by_surah	114	mp3	mp3	48000	2	cbr	128	97450	
mahmoud_ali_al_banna	Mahmoud Ali Al-Banna	محمود علي البنا	Egypt	mahmoud_ali_al_banna_mujawwad_mp3quran	hafs_an_asim	mujawwad			mp3quran	mp3quran	by_surah	114	mp3	mp3	22050	2	cbr	96	244382	
mahmoud_ali_al_banna	Mahmoud Ali Al-Banna	محمود علي البنا	Egypt	mahmoud_ali_al_banna_mujawwad_tvquran	hafs_an_asim	mujawwad			tvquran	tvquran	by_surah	114	mp3	mp3	22050	2	cbr	64	244268	
mahmoud_ali_al_banna	Mahmoud Ali Al-Banna	محمود علي البنا	Egypt	mahmoud_ali_al_banna_qdc	hafs_an_asim	murattal			quranicaudio	quranicaudio	by_surah	114	mp3	mp3	44100	2	cbr	128	94212	
mahmoud_ali_al_banna	Mahmoud Ali Al-Banna	محمود علي البنا	Egypt	mahmoud_ali_al_banna_tvquran	hafs_an_asim	murattal			tvquran	tvquran	by_surah	114	mp3	mp3	22050	2	cbr	64	97161	
mahmoud_khalil_al_husary	Mahmoud Khalil Al-Husary	محمود خليل الحصري	Egypt	mahmoud_khalil_al_husary_duri_amr_mp3quran	duri_abu_amr	murattal			mp3quran	mp3quran	by_surah	114	mp3	mp3	44100	2	mixed		137018	
mahmoud_khalil_al_husary	Mahmoud Khalil Al-Husary	محمود خليل الحصري	Egypt	mahmoud_khalil_al_husary_duri_amr_qdc	duri_abu_amr	murattal			quranicaudio	quranicaudio	by_surah	113	mp3	mp3	44100	2	mixed		126413	
mahmoud_khalil_al_husary	Mahmoud Khalil Al-Husary	محمود خليل الحصري	Egypt	mahmoud_khalil_al_husary_everyayah_byayah	hafs_an_asim	murattal			everyayah	everyayah	by_ayah	6236	mp3	mp3			unknown		154212	
mahmoud_khalil_al_husary	Mahmoud Khalil Al-Husary	محمود خليل الحصري	Egypt	mahmoud_khalil_al_husary_kids_archive	hafs_an_asim	children_repeat			surah-quran	archive_org	by_surah	114	mp3	mp3	11025	2	cbr	32	231694	
mahmoud_khalil_al_husary	Mahmoud Khalil Al-Husary	محمود خليل الحصري	Egypt	mahmoud_khalil_al_husary_kids_qdc	hafs_an_asim	children_repeat			qul	quranicaudio	by_surah	114	mp3	mp3	22050	1	mixed		232766	
mahmoud_khalil_al_husary	Mahmoud Khalil Al-Husary	محمود خليل الحصري	Egypt	mahmoud_khalil_al_husary_mp3quran	hafs_an_asim	murattal			mp3quran	mp3quran	by_surah	114	mp3	mp3	44100	2	cbr	128	154399	
mahmoud_khalil_al_husary	Mahmoud Khalil Al-Husary	محمود خليل الحصري	Egypt	mahmoud_khalil_al_husary_muallim_everyayah_byayah	hafs_an_asim	muallim			everyayah	everyayah	by_ayah	6236	mp3	mp3			unknown		171310	
mahmoud_khalil_al_husary	Mahmoud Khalil Al-Husary	محمود خليل الحصري	Egypt	mahmoud_khalil_al_husary_muallim_qdc	hafs_an_asim	muallim			qul	quranicaudio	by_surah	114	mp3	mp3	44100	2	mixed		171485	
mahmoud_khalil_al_husary	Mahmoud Khalil Al-Husary	محمود خليل الحصري	Egypt	mahmoud_khalil_al_husary_mujawwad_everyayah_byayah	hafs_an_asim	mujawwad			everyayah	everyayah	by_ayah	6236	mp3	mp3			unknown		223530	
mahmoud_khalil_al_husary	Mahmoud Khalil Al-Husary	محمود خليل الحصري	Egypt	mahmoud_khalil_al_husary_mujawwad_mp3quran	hafs_an_asim	mujawwad			mp3quran	mp3quran	by_surah	114	mp3	mp3	24000	2	mixed		223596	
mahmoud_khalil_al_husary	Mahmoud Khalil Al-Husary	محمود خليل الحصري	Egypt	mahmoud_khalil_al_husary_mujawwad_qdc	hafs_an_asim	mujawwad			quranicaudio	quranicaudio	by_surah	114	mp3	mp3	44100	2	cbr	128	223068	
mahmoud_khalil_al_husary	Mahmoud Khalil Al-Husary	محمود خليل الحصري	Egypt	mahmoud_khalil_al_husary_mujawwad_tarteel	hafs_an_asim	mujawwad			qul	tarteel	by_surah	114	mp3	mp3	48000	2	cbr	128	220261	
mahmoud_khalil_al_husary	Mahmoud Khalil Al-Husary	محمود خليل الحصري	Egypt	mahmoud_khalil_al_husary_mujawwad_tvquran	hafs_an_asim	mujawwad			tvquran	tvquran	by_surah	114	mp3	mp3	24000	2	mixed		225271	
mahmoud_khalil_al_husary	Mahmoud Khalil Al-Husary	محمود خليل الحصري	Egypt	mahmoud_khalil_al_husary_qalon_archive	qalon_an_nafi	murattal			surah-quran	archive_org	by_surah	114	mp3	mp3	22050	2	vbr	92	117108	
mahmoud_khalil_al_husary	Mahmoud Khalil Al-Husary	محمود خليل الحصري	Egypt	mahmoud_khalil_al_husary_qalon_mp3quran	qalon_an_nafi	murattal			mp3quran	mp3quran	by_surah	114	mp3	mp3	44100	2	cbr	128	140199	
mahmoud_khalil_al_husary	Mahmoud Khalil Al-Husary	محمود خليل الحصري	Egypt	mahmoud_khalil_al_husary_qdc_128k	hafs_an_asim	murattal			quranicaudio	quranicaudio	by_surah	114	mp3	mp3	44100	2	cbr	128	104577	
mahmoud_khalil_al_husary	Mahmoud Khalil Al-Husary	محمود خليل الحصري	Egypt	mahmoud_khalil_al_husary_qdc_64k	hafs_an_asim	murattal			qul	quranicaudio	by_surah	114	mp3	mp3	22050	2	mixed		153453	
mahmoud_khalil_al_husary	Mahmoud Khalil Al-Husary	محمود خليل الحصري	Egypt	mahmoud_khalil_al_husary_tvquran	hafs_an_asim	murattal			tvquran	tvquran	by_surah	114	mp3	mp3	22050	2	cbr	64	153717	
mahmoud_khalil_al_husary	Mahmoud Khalil Al-Husary	محمود خليل الحصري	Egypt	mahmoud_khalil_al_husary_warsh_mp3quran	warsh_an_nafi	murattal			mp3quran	mp3quran	by_surah	114	mp3	mp3	11025	1	mixed		160357	
mahmoud_khalil_al_husary	Mahmoud Khalil Al-Husary	محمود خليل الحصري	Egypt	mahmoud_khalil_al_husary_warsh_tvquran	warsh_an_nafi	murattal			tvquran	tvquran	by_surah	114	mp3	mp3	11025	1	mixed		164197	
majed_al_enezi	Majed Al-Enezi	ماجد العنزي		majed_al_enezi_mp3quran	hafs_an_asim	murattal			mp3quran	mp3quran	by_surah	113	mp3	mp3	44100	2	mixed		87199	
majed_al_enezi	Majed Al-Enezi	ماجد العنزي		majed_al_enezi_tvquran	hafs_an_asim	murattal			tvquran	tvquran	by_surah	6	mp3	mp3	44100	2	cbr	128	6537	
majed_al_zamil	Majed Al-Zamil	ماجد الزامل		majed_al_zamil_mp3quran	hafs_an_asim	murattal			mp3quran	mp3quran	by_surah	114	mp3	mp3	44100	2	mixed		85040	
majed_al_zamil	Majed Al-Zamil	ماجد الزامل		majed_al_zamil_tvquran	hafs_an_asim	murattal			tvquran	tvquran	by_surah	23	mp3	mp3	22050	2	cbr	64	28990	
majid_aleaql	Majid Aleaql	ماجد العقل		majid_aleaql_tvquran	hafs_an_asim	murattal			tvquran	tvquran	by_surah	114	mp3	mp3	44100	2	mixed		74909	
makkah_taraweeh_1424	Makkah Taraweeh 1424	تراويح مكة 1424	Saudi Arabia	makkah_taraweeh_1424_taraweeh_qdc	hafs_an_asim	murattal	taraweeh		quranicaudio	quranicaudio	by_surah	114	mp3	mp3	44100	2	mixed		69196	
makkah_taraweeh_1425	Makkah Taraweeh 1425	تراويح مكة 1425	Saudi Arabia	makkah_taraweeh_1425_taraweeh_qdc	hafs_an_asim	murattal	taraweeh		quranicaudio	quranicaudio	by_surah	113	mp3	mp3	44100	2	mixed		67553	
makkah_taraweeh_1426	Makkah Taraweeh 1426	تراويح مكة 1426	Saudi Arabia	makkah_taraweeh_1426_taraweeh_qdc	hafs_an_asim	murattal	taraweeh		quranicaudio	quranicaudio	by_surah	114	mp3	mp3	44100	2	mixed		74666	
makkah_taraweeh_1427	Makkah Taraweeh 1427	تراويح مكة 1427	Saudi Arabia	makkah_taraweeh_1427_taraweeh_qdc	hafs_an_asim	murattal	taraweeh		quranicaudio	quranicaudio	by_surah	114	mp3	mp3	44100	2	cbr	192	75256	
makkah_taraweeh_1428	Makkah Taraweeh 1428	تراويح مكة 1428	Saudi Arabia	makkah_taraweeh_1428_taraweeh_qdc	hafs_an_asim	murattal	taraweeh		quranicaudio	quranicaudio	by_surah	114	mp3	mp3	44100	2	cbr	192	74757	
makkah_taraweeh_1429	Makkah Taraweeh 1429	تراويح مكة 1429	Saudi Arabia	makkah_taraweeh_1429_taraweeh_qdc	hafs_an_asim	murattal	taraweeh		quranicaudio	quranicaudio	by_surah	114	mp3	mp3	44100	2	mixed		77210	
makkah_taraweeh_1430	Makkah Taraweeh 1430	تراويح مكة 1430	Saudi Arabia	makkah_taraweeh_1430_taraweeh_qdc	hafs_an_asim	murattal	taraweeh		quranicaudio	quranicaudio	by_surah	114	mp3	mp3	44100	2	cbr	128	77620	
makkah_taraweeh_1431	Makkah Taraweeh 1431	تراويح مكة 1431	Saudi Arabia	makkah_taraweeh_1431_taraweeh_qdc	hafs_an_asim	murattal	taraweeh		quranicaudio	quranicaudio	by_surah	114	mp3	mp3	44100	2	mixed		75350	
makkah_taraweeh_1432	Makkah Taraweeh 1432	تراويح مكة 1432	Saudi Arabia	makkah_taraweeh_1432_taraweeh_qdc	hafs_an_asim	murattal	taraweeh		quranicaudio	quranicaudio	by_surah	114	mp3	mp3	44100	2	cbr	128	77372	
makkah_taraweeh_1433	Makkah Taraweeh 1433	تراويح مكة 1433	Saudi Arabia	makkah_taraweeh_1433_taraweeh_qdc	hafs_an_asim	murattal	taraweeh		quranicaudio	quranicaudio	by_surah	114	mp3	mp3	44100	2	mixed		75199	
makkah_taraweeh_1434	Makkah Taraweeh 1434	تراويح مكة 1434	Saudi Arabia	makkah_taraweeh_1434_taraweeh_qdc	hafs_an_asim	murattal	taraweeh		quranicaudio	quranicaudio	by_surah	114	mp3	mp3	44100	2	cbr	256	75226	
makkah_taraweeh_1435	Makkah Taraweeh 1435	تراويح مكة 1435	Saudi Arabia	makkah_taraweeh_1435_taraweeh_qdc	hafs_an_asim	murattal	taraweeh		quranicaudio	quranicaudio	by_surah	114	mp3	mp3	44100	2	mixed		82806	
makkah_taraweeh_1436	Makkah Taraweeh 1436	تراويح مكة 1436	Saudi Arabia	makkah_taraweeh_1436_taraweeh_qdc	hafs_an_asim	murattal	taraweeh		quranicaudio	quranicaudio	by_surah	114	mp3	mp3	44100	1	mixed		81758	
makkah_taraweeh_1437	Makkah Taraweeh 1437	تراويح مكة 1437	Saudi Arabia	makkah_taraweeh_1437_taraweeh_qdc	hafs_an_asim	murattal	taraweeh		quranicaudio	quranicaudio	by_surah	114	mp3	mp3	44100	2	cbr	320	81659	
makkah_taraweeh_1438	Makkah Taraweeh 1438	تراويح مكة 1438	Saudi Arabia	makkah_taraweeh_1438_taraweeh_qdc	hafs_an_asim	murattal	taraweeh		quranicaudio	quranicaudio	by_surah	114	mp3	mp3	44100	2	cbr	320	81338	
makkah_taraweeh_1439	Makkah Taraweeh 1439	تراويح مكة 1439	Saudi Arabia	makkah_taraweeh_1439_taraweeh_qdc	hafs_an_asim	murattal	taraweeh		quranicaudio	quranicaudio	by_surah	114	mp3	mp3	44100	2	cbr	192	80244	
makkah_taraweeh_1440	Makkah Taraweeh 1440	تراويح مكة 1440	Saudi Arabia	makkah_taraweeh_1440_taraweeh_qdc	hafs_an_asim	murattal	taraweeh		quranicaudio	quranicaudio	by_surah	114	mp3	mp3	44100	1	cbr	64	76540	
makkah_taraweeh_1441	Makkah Taraweeh 1441	تراويح مكة 1441	Saudi Arabia	makkah_taraweeh_1441_taraweeh_qdc	hafs_an_asim	murattal	taraweeh		quranicaudio	quranicaudio	by_surah	114	mp3	mp3	44100	2	cbr	320	78017	
makkah_taraweeh_1442	Makkah Taraweeh 1442	تراويح مكة 1442	Saudi Arabia	makkah_taraweeh_1442_taraweeh_qdc	hafs_an_asim	murattal	taraweeh		quranicaudio	quranicaudio	by_surah	114	mp3	mp3	44100	2	mixed		81836	
makkah_taraweeh_1443	Makkah Taraweeh 1443	تراويح مكة 1443	Saudi Arabia	makkah_taraweeh_1443_taraweeh_qdc	hafs_an_asim	murattal	taraweeh		quranicaudio	quranicaudio	by_surah	114	mp3	mp3	48000	2	cbr	128	78479	
makkah_taraweeh_1444	Makkah Taraweeh 1444	تراويح مكة 1444	Saudi Arabia	makkah_taraweeh_1444_taraweeh_qdc	hafs_an_asim	murattal	taraweeh		quranicaudio	quranicaudio	by_surah	114	mp3	mp3	48000	2	cbr	128	80023	
makkah_taraweeh_1445	Makkah Taraweeh 1445	تراويح مكة 1445	Saudi Arabia	makkah_taraweeh_1445_taraweeh_qdc	hafs_an_asim	murattal	taraweeh		quranicaudio	quranicaudio	by_surah	114	mp3	mp3	48000	2	cbr	128	80748	
makkah_taraweeh_1446	Makkah Taraweeh 1446	تراويح مكة 1446	Saudi Arabia	makkah_taraweeh_1446_taraweeh_qdc	hafs_an_asim	murattal	taraweeh		quranicaudio	quranicaudio	by_surah	114	mp3	mp3	48000	2	cbr	128	80974	
makkah_taraweeh_1447	Makkah Taraweeh 1447	تراويح مكة 1447	Saudi Arabia	makkah_taraweeh_1447_taraweeh_qdc	hafs_an_asim	murattal	taraweeh		quranicaudio	quranicaudio	by_surah	114	mp3	mp3	48000	2	cbr	128	78236	
malallah_abdulrahman_al_jaber	Malallah Abdulrahman Al-Jaber	مال الله عبد الرحمن الجابر		malallah_abdulrahman_al_jaber_mp3quran	hafs_an_asim	murattal			mp3quran	mp3quran	by_surah	114	mp3	mp3	44100	2	mixed		98911	
malek_chibat	Malek Chibat	مالك شيبة الحمد		malek_chibat_tvquran	hafs_an_asim	murattal			tvquran	tvquran	by_surah	37	mp3	mp3	22050	1	cbr	56	3346	
mamdouh_amer	Mamdouh Amer	ممدوح عامر		mamdouh_amer_archive	hafs_an_asim	murattal			surah-quran	archive_org	by_surah	61	mp3	mp3	44100	2	mixed		40922	
mansour_al_salemi	Mansour Al-Salemi	منصور السالمي		mansour_al_salemi_mp3quran	hafs_an_asim	murattal			mp3quran	mp3quran	by_surah	114	mp3	mp3	44100	2	cbr	256	106017	
mansour_az_zahrani	Mansour Az-Zahrani	منصور الزهراني		mansour_az_zahrani_tvquran	hafs_an_asim	murattal			tvquran	tvquran	by_surah	13	mp3	mp3	22050	2	mixed		6660	
marwan_al_akri	Marwan Al-Akri	مروان العكري		marwan_al_akri_qalon_mp3quran	qalon_an_nafi	murattal			mp3quran	mp3quran	by_surah	114	mp3	mp3	44100	1	mixed		113357	
masjid_quba_taraweeh	Masjid Quba Taraweeh	تراويح مسجد قباء	Saudi Arabia	masjid_quba_taraweeh_qdc	hafs_an_asim	murattal			quranicaudio	quranicaudio	by_surah	114	mp3	mp3	44100	2	cbr	128	88256	
maytham_al_tammar	Maytham Al-Tammar	ميثم التمار	Iraq	maytham_al_tammar_archive	hafs_an_asim	murattal			surah-quran	archive_org	by_surah	114	mp3	mp3	11025	2	mixed		106287	
mishary_al_baghli	Mishary Al-Baghli	مشاري الباغلي		mishary_al_baghli_archive	hafs_an_asim	murattal			surah-quran	archive_org	by_surah	47	mp3	mp3			unknown			
mishary_rashid_al_afasy	Mishary Rashid Al-Afasy	مشاري بن راشد العفاسي	Kuwait	mishary_rashid_al_afasy_duri_kisai_mp3quran	duri_al_kisai	murattal			mp3quran	mp3quran	by_surah	6	mp3	mp3	44100	2	cbr	128	5691	
mishary_rashid_al_afasy	Mishary Rashid Al-Afasy	مشاري بن راشد العفاسي	Kuwait	mishary_rashid_al_afasy_duri_kisai_tvquran	duri_al_kisai	murattal			tvquran	tvquran	by_surah	5	mp3	mp3	44100	2	cbr	128	2959	
mishary_rashid_al_afasy	Mishary Rashid Al-Afasy	مشاري بن راشد العفاسي	Kuwait	mishary_rashid_al_afasy_everyayah_byayah	hafs_an_asim	murattal			everyayah	everyayah	by_ayah	6236	mp3	mp3			unknown		107328	
mishary_rashid_al_afasy	Mishary Rashid Al-Afasy	مشاري بن راشد العفاسي	Kuwait	mishary_rashid_al_afasy_mp3quran	hafs_an_asim	murattal			mp3quran	mp3quran	by_surah	114	mp3	mp3	44100	2	cbr	128	107374	
mishary_rashid_al_afasy	Mishary Rashid Al-Afasy	مشاري بن راشد العفاسي	Kuwait	mishary_rashid_al_afasy_qdc	hafs_an_asim	murattal			quranicaudio	quranicaudio	by_surah	114	mp3	mp3	44100	2	mixed		107655	
mishary_rashid_al_afasy	Mishary Rashid Al-Afasy	مشاري بن راشد العفاسي	Kuwait	mishary_rashid_al_afasy_tarteel	hafs_an_asim	murattal			qul	tarteel	by_surah	114	mp3	mp3	44100	2	cbr	128	106439	
mishary_rashid_al_afasy	Mishary Rashid Al-Afasy	مشاري بن راشد العفاسي	Kuwait	mishary_rashid_al_afasy_tvquran	hafs_an_asim	murattal			tvquran	tvquran	by_surah	114	mp3	mp3	22050	2	cbr	64	107752	
moeedh_al_harthi	Moeedh Al-Harthi	معيض الحارثي		moeedh_al_harthi_mp3quran	hafs_an_asim	murattal			mp3quran	mp3quran	by_surah	114	mp3	mp3	44100	2	mixed		73985	
moeedh_al_harthi	Moeedh Al-Harthi	معيض الحارثي		moeedh_al_harthi_tvquran	hafs_an_asim	murattal			tvquran	tvquran	by_surah	114	mp3	mp3	44100	2	mixed		74398	
mohammed_abdelhakim	Mohammed Abdelhakim	محمد عبدالحكيم		mohammed_abdelhakim_bazzi_tvquran	bazzi_ibn_kathir	murattal			tvquran	tvquran	by_surah	114	mp3	mp3	22050	2	cbr	56	100739	
mohammed_abdelhakim	Mohammed Abdelhakim	محمد عبدالحكيم		mohammed_abdelhakim_duri_kisai_tvquran	duri_al_kisai	murattal			tvquran	tvquran	by_surah	114	mp3	mp3	22050	2	cbr	64	116406	
mohammed_abdulkareem	Mohammed Abdulkareem	محمد عبد الكريم		mohammed_abdulkareem_everyayah_byayah	hafs_an_asim	murattal			everyayah	everyayah	by_ayah	6236	mp3	mp3			unknown		82473	
mohammed_abdulkareem	Mohammed Abdulkareem	محمد عبد الكريم		mohammed_abdulkareem_mp3quran	hafs_an_asim	murattal			mp3quran	mp3quran	by_surah	114	mp3	mp3	44100	2	mixed		82470	
mohammed_abdulkareem	Mohammed Abdulkareem	محمد عبد الكريم		mohammed_abdulkareem_qdc	hafs_an_asim	murattal			quranicaudio	quranicaudio	by_surah	114	mp3	mp3	32000	2	cbr	128	82251	
mohammed_abdulkareem	Mohammed Abdulkareem	محمد عبد الكريم		mohammed_abdulkareem_tvquran	hafs_an_asim	murattal			tvquran	tvquran	by_surah	114	mp3	mp3	24000	2	cbr	64	82347	
mohammed_abdulkareem	Mohammed Abdulkareem	محمد عبد الكريم		mohammed_abdulkareem_warsh_mp3quran	warsh_an_nafi	murattal			mp3quran	mp3quran	by_surah	114	mp3	mp3	44100	2	mixed		92817	
mohammed_abdulkareem	Mohammed Abdulkareem	محمد عبد الكريم		mohammed_abdulkareem_warsh_tvquran	warsh_an_nafi	murattal			tvquran	tvquran	by_surah	114	mp3	mp3	44100	2	mixed		93041	
mohammed_abu_sneina	Mohammed Abu Sneina	محمد أبو سنينة		mohammed_abu_sneina_qalon_mp3quran	qalon_an_nafi	murattal			mp3quran	mp3quran	by_surah	114	mp3	mp3	32000	1	mixed		99729	
mohammed_abu_sneina	Mohammed Abu Sneina	محمد أبو سنينة		mohammed_abu_sneina_qalon_tvquran	qalon_an_nafi	murattal			tvquran	tvquran	by_surah	114	mp3	mp3	32000	1	cbr	56	101758	
mohammed_al_abdullah	Mohammed Al-Abdullah	محمد عبدالحكيم سعيد العبدالله		mohammed_al_abdullah_duri_kisai_mp3quran	duri_al_kisai	murattal			mp3quran	mp3quran	by_surah	114	mp3	mp3	44100	2	cbr	128	116278	
mohammed_al_abdullah	Mohammed Al-Abdullah	محمد عبدالحكيم سعيد العبدالله		mohammed_al_abdullah_qunbul_mp3quran	qunbul_ibn_kathir	murattal			mp3quran	mp3quran	by_surah	114	mp3	mp3	22050	2	cbr	56	99736	
mohammed_al_airawy	Mohammed Al-Airawy	محمد الأيراوي		mohammed_al_airawy_warsh_mp3quran	warsh_an_nafi	murattal			mp3quran	mp3quran	by_surah	111	mp3	mp3	32000	2	mixed		102316	
mohammed_al_airawy	Mohammed Al-Airawy	محمد الأيراوي		mohammed_al_airawy_warsh_tvquran	warsh_an_nafi	murattal			tvquran	tvquran	by_surah	4	mp3	mp3	44100	2	cbr	128	2236	
mohammed_al_barrak	Mohammed Al-Barrak	محمد البراك		mohammed_al_barrak_archive	hafs_an_asim	murattal			surah-quran	archive_org	by_surah	63	mp3	mp3	44100	2	mixed		18404	
mohammed_al_barrak	Mohammed Al-Barrak	محمد البراك		mohammed_al_barrak_mp3quran	hafs_an_asim	murattal			mp3quran	mp3quran	by_surah	63	mp3	mp3	44100	2	cbr	128	18381	
mohammed_al_barrak	Mohammed Al-Barrak	محمد البراك		mohammed_al_barrak_tvquran	hafs_an_asim	murattal			tvquran	tvquran	by_surah	62	mp3	mp3	22050	2	cbr	64	17398	
mohammed_al_bukheet	Mohammed Al-Bukheet	محمد البخيت		mohammed_al_bukheet_mp3quran	hafs_an_asim	murattal			mp3quran	mp3quran	by_surah	114	mp3	mp3	44100	2	mixed		108147	
mohammed_al_faqih	Mohammed Al-Faqih	محمد الفقيه	Yemen	mohammed_al_faqih_archive	hafs_an_asim	murattal			surah-quran	archive_org	by_surah	114	mp3	mp3	44100	2	mixed		79820	
mohammed_al_faqih	Mohammed Al-Faqih	محمد الفقيه	Yemen	mohammed_al_faqih_mp3quran	hafs_an_asim	murattal			mp3quran	mp3quran	by_surah	114	mp3	mp3	44100	2	mixed		79822	
mohammed_al_hafiz	Mohammed Al-Hafiz	محمد الحافظ		mohammed_al_hafiz_mp3quran	hafs_an_asim	murattal			mp3quran	mp3quran	by_surah	3	mp3	mp3	44100	2	cbr	128	2945	
mohammed_al_hafiz	Mohammed Al-Hafiz	محمد الحافظ		mohammed_al_hafiz_tvquran	hafs_an_asim	murattal			tvquran	tvquran	by_surah	3	mp3	mp3	44100	2	cbr	128	2957	
mohammed_al_hudayri	Mohammed Al-Hudayri	محمد الحضيري	Libya	mohammed_al_hudayri_archive	hafs_an_asim	murattal			surah-quran	archive_org	by_surah	114	mp3	mp3			unknown		104236	
mohammed_al_hudayri	Mohammed Al-Hudayri	محمد الحضيري	Libya	mohammed_al_hudayri_qalon_tvquran	qalon_an_nafi	murattal			tvquran	tvquran	by_surah	112	mp3	mp3	44100	1	cbr	48	104465	
mohammed_al_kantawi	Mohammed Al-Kantawi	محمد الكنتاوي	Morocco	mohammed_al_kantawi_archive	hafs_an_asim	murattal			surah-quran	archive_org	by_surah	114	mp3	mp3	22050	2	cbr	64	86565	
mohammed_al_kantawi	Mohammed Al-Kantawi	محمد الكنتاوي	Morocco	mohammed_al_kantawi_warsh_tvquran	warsh_an_nafi	murattal			tvquran	tvquran	by_surah	114	mp3	mp3	22050	2	cbr	64	86326	
mohammed_al_luhaidan	Mohammed Al-Luhaidan	محمد اللحيدان	Saudi Arabia	mohammed_al_luhaidan_mp3quran	hafs_an_asim	murattal			mp3quran	mp3quran	by_surah	114	mp3	mp3	44100	2	cbr	128	91280	
mohammed_al_luhaidan	Mohammed Al-Luhaidan	محمد اللحيدان	Saudi Arabia	mohammed_al_luhaidan_qdc	hafs_an_asim	murattal			quranicaudio	quranicaudio	by_surah	111	mp3	mp3	44100	2	mixed		80143	
mohammed_al_luhaidan	Mohammed Al-Luhaidan	محمد اللحيدان	Saudi Arabia	mohammed_al_luhaidan_tvquran	hafs_an_asim	murattal			tvquran	tvquran	by_surah	114	mp3	mp3	22050	2	mixed		89463	
mohammed_al_manshid	Mohammed Al-Manshid	محمد المنشد		mohammed_al_manshid_mp3quran	hafs_an_asim	murattal			mp3quran	mp3quran	by_surah	110	mp3	mp3	44100	1	cbr	128	92442	
mohammed_al_manshid	Mohammed Al-Manshid	محمد المنشد		mohammed_al_manshid_tvquran	hafs_an_asim	murattal			tvquran	tvquran	by_surah	110	mp3	mp3	44100	1	cbr	128	92852	
mohammed_al_muhaisni	Mohammed Al-Muhaisni	محمد المحيسني		mohammed_al_muhaisni_mp3quran	hafs_an_asim	murattal			mp3quran	mp3quran	by_surah	114	mp3	mp3	44100	2	mixed		74967	
mohammed_al_muhaisni	Mohammed Al-Muhaisni	محمد المحيسني		mohammed_al_muhaisni_qdc	hafs_an_asim	murattal			quranicaudio	quranicaudio	by_surah	112	mp3	mp3	44100	2	mixed		70839	
mohammed_al_muhaisni	Mohammed Al-Muhaisni	محمد المحيسني		mohammed_al_muhaisni_tvquran	hafs_an_asim	murattal			tvquran	tvquran	by_surah	114	mp3	mp3	22050	2	cbr	64	74906	
mohammed_al_subail	Mohammed Al-Subail	محمد السبيل	Saudi Arabia	mohammed_al_subail_archive	hafs_an_asim	murattal			surah-quran	archive_org	by_surah	114	mp3	mp3	22050	1	vbr	64	112973	
mohammed_al_subail	Mohammed Al-Subail	محمد السبيل	Saudi Arabia	mohammed_al_subail_tvquran	hafs_an_asim	murattal			tvquran	tvquran	by_surah	114	mp3	mp3			unknown		112971	
mohammed_al_tablawi	Mohammed Al-Tablawi	محمد الطبلاوي	Egypt	mohammed_al_tablawi_everyayah_byayah	hafs_an_asim	murattal			everyayah	everyayah	by_ayah	6236	mp3	mp3			unknown		108860	
mohammed_al_tablawi	Mohammed Al-Tablawi	محمد الطبلاوي	Egypt	mohammed_al_tablawi_mp3quran	hafs_an_asim	murattal			mp3quran	mp3quran	by_surah	114	mp3	mp3	44100	2	mixed		108883	
mohammed_al_tablawi	Mohammed Al-Tablawi	محمد الطبلاوي	Egypt	mohammed_al_tablawi_mujawwad_mp3quran	hafs_an_asim	mujawwad			mp3quran	mp3quran	by_surah	114	mp3	mp3	16000	1	vbr	37	243902	
mohammed_al_tablawi	Mohammed Al-Tablawi	محمد الطبلاوي	Egypt	mohammed_al_tablawi_qdc	hafs_an_asim	murattal			quranicaudio	quranicaudio	by_surah	114	mp3	mp3	44100	2	cbr	128	106853	
mohammed_al_tablawi	Mohammed Al-Tablawi	محمد الطبلاوي	Egypt	mohammed_al_tablawi_tvquran	hafs_an_asim	murattal			tvquran	tvquran	by_surah	114	mp3	mp3	22050	2	cbr	64	106914	
mohammed_al_zubaidi	Mohammed Al-Zubaidi	محمد الزبيدي		mohammed_al_zubaidi_mp3quran	hafs_an_asim	murattal			mp3quran	mp3quran	by_surah	114	mp3	mp3	48000	2	cbr	320	101689	
mohammed_alghazali	Mohammed Al-Ghazali	محمد الغزالي	Saudi Arabia	mohammed_alghazali_archive	hafs_an_asim	murattal			surah-quran	archive_org	by_surah	114	mp3	mp3	44100	2	vbr	166	113278	
mohammed_alkrini_warsh	Mohammed Alkrini	محمد الكريني		mohammed_alkrini_warsh_warsh_tvquran	warsh_an_nafi	murattal			tvquran	tvquran	by_surah	114	mp3	mp3	44100	2	mixed		138278	
mohammed_ayyub	Mohammed Ayyub	محمد أيوب	Saudi Arabia	mohammed_ayyub_everyayah_byayah	hafs_an_asim	murattal			everyayah	everyayah	by_ayah	6236	mp3	mp3			unknown		76656	
mohammed_ayyub	Mohammed Ayyub	محمد أيوب	Saudi Arabia	mohammed_ayyub_mp3quran	hafs_an_asim	murattal			mp3quran	mp3quran	by_surah	114	mp3	mp3	48000	2	cbr	128	76723	
mohammed_ayyub	Mohammed Ayyub	محمد أيوب	Saudi Arabia	mohammed_ayyub_qdc	hafs_an_asim	murattal			qul	quranicaudio	by_surah	114	mp3	mp3	44100	2	mixed		116045	
mohammed_ayyub	Mohammed Ayyub	محمد أيوب	Saudi Arabia	mohammed_ayyub_taraweeh_qdc	hafs_an_asim	murattal	taraweeh		quranicaudio	quranicaudio	by_surah	114	mp3	mp3	44100	2	mixed		76539	
mohammed_ayyub	Mohammed Ayyub	محمد أيوب	Saudi Arabia	mohammed_ayyub_tvquran	hafs_an_asim	murattal			tvquran	tvquran	by_surah	114	mp3	mp3	22050	2	cbr	48	117002	
mohammed_burhaji	Mohammed Burhaji	محمد برهجي		mohammed_burhaji_mp3quran	hafs_an_asim	murattal			mp3quran	mp3quran	by_surah	114	mp3	mp3	48000	2	cbr	320	87789	
mohammed_dibirov	Mohammed Dibirov	محمد ديبيروف	Russia/Dagestan	mohammed_dibirov_archive	hafs_an_asim	murattal			surah-quran	archive_org	by_surah	10	mp3	mp3	44100	2	cbr	128	6632	
mohammed_hafs	Mohammed Hafs	محمد حفص		mohammed_hafs_mp3quran	hafs_an_asim	murattal			mp3quran	mp3quran	by_surah	5	mp3	mp3	44100	2	cbr	128	2510	
mohammed_hafs	Mohammed Hafs	محمد حفص		mohammed_hafs_tvquran	hafs_an_asim	murattal			tvquran	tvquran	by_surah	5	mp3	mp3	44100	2	cbr	128	2529	
mohammed_hassan	Mohammed Hassan	محمد حسان	Egypt	mohammed_hassan_archive	hafs_an_asim	murattal			surah-quran	archive_org	by_surah	114	mp3	mp3			unknown		91076	
mohammed_hassan	Mohammed Hassan	محمد حسان	Egypt	mohammed_hassan_qdc	hafs_an_asim	murattal			quranicaudio	quranicaudio	by_surah	114	mp3	mp3	44100	2	mixed		89959	
mohammed_hassan	Mohammed Hassan	محمد حسان	Egypt	mohammed_hassan_tvquran	hafs_an_asim	murattal			tvquran	tvquran	by_surah	114	mp3	mp3	44100	1	cbr	64	91451	
mohammed_hisham	Mohammed Hisham	محمد هشام		mohammed_hisham_archive	hafs_an_asim	murattal			surah-quran	archive_org	by_surah	23	mp3	mp3	48000	2	mixed		31445	
mohammed_husayn_amer	Mohammed Husayn Amer	محمد حسين عامر	Yemen	mohammed_husayn_amer_archive	hafs_an_asim	murattal			surah-quran	archive_org	by_surah	114	mp3	mp3	22050	1	cbr	96	175301	
mohammed_ismaeel_al_muqaddim	Mohammed Ismaeel Al-Muqaddim	محمد إسماعيل المقدم	Egypt	mohammed_ismaeel_al_muqaddim_qdc	hafs_an_asim	murattal			quranicaudio	quranicaudio	by_surah	114	mp3	mp3	16000	2	cbr	128	80570	
mohammed_jibreel	Mohammed Jibreel	محمد جبريل	Egypt	mohammed_jibreel_everyayah_byayah	hafs_an_asim	murattal			everyayah	everyayah	by_ayah	6236	mp3	mp3			unknown		95343	
mohammed_jibreel	Mohammed Jibreel	محمد جبريل	Egypt	mohammed_jibreel_mp3quran	hafs_an_asim	murattal			mp3quran	mp3quran	by_surah	114	mp3	mp3	44100	2	mixed		95409	
mohammed_jibreel	Mohammed Jibreel	محمد جبريل	Egypt	mohammed_jibreel_qdc	hafs_an_asim	murattal			quranicaudio	quranicaudio	by_surah	114	mp3	mp3	44100	2	cbr	128	94574	
mohammed_jibreel	Mohammed Jibreel	محمد جبريل	Egypt	mohammed_jibreel_tvquran	hafs_an_asim	murattal			tvquran	tvquran	by_surah	114	mp3	mp3	22050	1	mixed		115104	
mohammed_khairul_anuar	Mohammed Khairul Anuar	محمد خير النور	Malaysia	mohammed_khairul_anuar_mp3quran	hafs_an_asim	murattal			mp3quran	mp3quran	by_surah	4	mp3	mp3	44100	2	cbr	128	3888	
mohammed_khairul_anuar	Mohammed Khairul Anuar	محمد خير النور	Malaysia	mohammed_khairul_anuar_tvquran	hafs_an_asim	murattal			tvquran	tvquran	by_surah	4	mp3	mp3	44100	2	cbr	128	3902	
mohammed_khalil	Mohammed Khalil	محمد خليل		mohammed_khalil_qdc	hafs_an_asim	murattal			quranicaudio	quranicaudio	by_surah	64	mp3	mp3	44100	2	cbr	128	24010	
mohammed_khalil_al_qari	Mohammed Khalil Al-Qari	محمد خليل القارئ		mohammed_khalil_al_qari_mp3quran	hafs_an_asim	murattal			mp3quran	mp3quran	by_surah	114	mp3	mp3	48000	2	mixed		88724	
mohammed_khalil_al_qari	Mohammed Khalil Al-Qari	محمد خليل القارئ		mohammed_khalil_al_qari_tvquran	hafs_an_asim	murattal			tvquran	tvquran	by_surah	15	mp3	mp3	44100	2	cbr	128	8686	
mohammed_othman_khan	Mohammed Othman Khan	محمد عثمان خان		mohammed_othman_khan_mp3quran	hafs_an_asim	murattal			mp3quran	mp3quran	by_surah	114	mp3	mp3	44100	2	mixed		86280	
mohammed_othman_khan	Mohammed Othman Khan	محمد عثمان خان		mohammed_othman_khan_tvquran	hafs_an_asim	murattal			tvquran	tvquran	by_surah	114	mp3	mp3	44100	2	mixed		86717	
mohammed_rashad_al_sharif	Mohammed Rashad Al-Sharif	محمد رشاد الشريف	Palestine	mohammed_rashad_al_sharif_archive	hafs_an_asim	murattal			surah-quran	archive_org	by_surah	114	mp3	mp3			unknown			
mohammed_rashad_al_sharif	Mohammed Rashad Al-Sharif	محمد رشاد الشريف	Palestine	mohammed_rashad_al_sharif_mp3quran	hafs_an_asim	murattal			mp3quran	mp3quran	by_surah	114	mp3	mp3	44100	2	cbr	128	108252	
mohammed_rashad_al_sharif	Mohammed Rashad Al-Sharif	محمد رشاد الشريف	Palestine	mohammed_rashad_al_sharif_tvquran	hafs_an_asim	murattal			tvquran	tvquran	by_surah	114	mp3	mp3	44100	2	cbr	128	108696	
mohammed_rifat	Mohammed Rifat	محمد رفعت	Egypt	mohammed_rifat_mp3quran	hafs_an_asim	murattal			mp3quran	mp3quran	by_surah	31	mp3	mp3	44100	2	cbr	128	44872	
mohammed_rifat	Mohammed Rifat	محمد رفعت	Egypt	mohammed_rifat_tvquran	hafs_an_asim	murattal			tvquran	tvquran	by_surah	32	mp3	mp3	44100	2	cbr	128	49171	
mohammed_saayed	Mohammed Saayed	محمد سايد		mohammed_saayed_warsh_mp3quran	warsh_an_nafi	murattal			mp3quran	mp3quran	by_surah	114	mp3	mp3	44100	2	cbr	128	95629	
mohammed_saleh_alim_shah	Mohammed Saleh Alim Shah	محمد صالح عالم شاه		mohammed_saleh_alim_shah_mp3quran	hafs_an_asim	murattal			mp3quran	mp3quran	by_surah	114	mp3	mp3	44100	2	cbr	128	80371	
mohammed_saleh_alim_shah	Mohammed Saleh Alim Shah	محمد صالح عالم شاه		mohammed_saleh_alim_shah_tvquran	hafs_an_asim	murattal			tvquran	tvquran	by_surah	109	mp3	mp3	44100	2	cbr	128	80688	
mohammed_shahboun_warsh	Mohammed Shahboun	محمد شهبون		mohammed_shahboun_warsh_warsh_tvquran	warsh_an_nafi	murattal			tvquran	tvquran	by_surah	114	mp3	mp3			unknown		78520	
mohammed_siddiq_al_minshawi	Mohammed Siddiq Al-Minshawi	محمد صديق المنشاوي	Egypt	mohammed_siddiq_al_minshawi_everyayah_byayah	hafs_an_asim	murattal			everyayah	everyayah	by_ayah	6236	mp3	mp3			unknown		104124	
mohammed_siddiq_al_minshawi	Mohammed Siddiq Al-Minshawi	محمد صديق المنشاوي	Egypt	mohammed_siddiq_al_minshawi_kids_archive	hafs_an_asim	children_repeat			surah-quran	archive_org	by_surah	114	mp3	mp3	44100	1	cbr	48	190510	
mohammed_siddiq_al_minshawi	Mohammed Siddiq Al-Minshawi	محمد صديق المنشاوي	Egypt	mohammed_siddiq_al_minshawi_kids_qdc	hafs_an_asim	children_repeat			qul	quranicaudio	by_surah	114	mp3	mp3	44100	1	mixed		189746	
mohammed_siddiq_al_minshawi	Mohammed Siddiq Al-Minshawi	محمد صديق المنشاوي	Egypt	mohammed_siddiq_al_minshawi_mp3quran	hafs_an_asim	murattal			mp3quran	mp3quran	by_surah	114	mp3	mp3	44100	2	mixed		104188	
mohammed_siddiq_al_minshawi	Mohammed Siddiq Al-Minshawi	محمد صديق المنشاوي	Egypt	mohammed_siddiq_al_minshawi_muallim_mp3quran	hafs_an_asim	muallim			mp3quran	mp3quran	by_surah	114	mp3	mp3	44100	2	mixed		197241	
mohammed_siddiq_al_minshawi	Mohammed Siddiq Al-Minshawi	محمد صديق المنشاوي	Egypt	mohammed_siddiq_al_minshawi_muallim_tvquran	hafs_an_asim	muallim			tvquran	tvquran	by_surah	114	mp3	mp3	22050	2	cbr	64	180147	
mohammed_siddiq_al_minshawi	Mohammed Siddiq Al-Minshawi	محمد صديق المنشاوي	Egypt	mohammed_siddiq_al_minshawi_mujawwad_everyayah_byayah	hafs_an_asim	mujawwad			everyayah	everyayah	by_ayah	6236	mp3	mp3			unknown		223394	
mohammed_siddiq_al_minshawi	Mohammed Siddiq Al-Minshawi	محمد صديق المنشاوي	Egypt	mohammed_siddiq_al_minshawi_mujawwad_mp3quran	hafs_an_asim	mujawwad			mp3quran	mp3quran	by_surah	114	mp3	mp3	44100	2	mixed		223440	
mohammed_siddiq_al_minshawi	Mohammed Siddiq Al-Minshawi	محمد صديق المنشاوي	Egypt	mohammed_siddiq_al_minshawi_mujawwad_qdc	hafs_an_asim	mujawwad			quranicaudio	quranicaudio	by_surah	114	mp3	mp3	44100	2	mixed		223938	
mohammed_siddiq_al_minshawi	Mohammed Siddiq Al-Minshawi	محمد صديق المنشاوي	Egypt	mohammed_siddiq_al_minshawi_mujawwad_tarteel	hafs_an_asim	mujawwad			qul	tarteel	by_surah	114	mp3	mp3	44100	2	mixed		217834	
mohammed_siddiq_al_minshawi	Mohammed Siddiq Al-Minshawi	محمد صديق المنشاوي	Egypt	mohammed_siddiq_al_minshawi_mujawwad_tvquran	hafs_an_asim	mujawwad			tvquran	tvquran	by_surah	114	mp3	mp3	22050	2	cbr	64	223717	
mohammed_siddiq_al_minshawi	Mohammed Siddiq Al-Minshawi	محمد صديق المنشاوي	Egypt	mohammed_siddiq_al_minshawi_qdc	hafs_an_asim	murattal			quranicaudio	quranicaudio	by_surah	114	mp3	mp3	44100	2	mixed		104174	
mohammed_siddiq_al_minshawi	Mohammed Siddiq Al-Minshawi	محمد صديق المنشاوي	Egypt	mohammed_siddiq_al_minshawi_tarteel	hafs_an_asim	murattal			qul	tarteel	by_surah	114	mp3	mp3	44100	2	cbr	128	103702	
mohammed_siddiq_al_minshawi	Mohammed Siddiq Al-Minshawi	محمد صديق المنشاوي	Egypt	mohammed_siddiq_al_minshawi_tvquran	hafs_an_asim	murattal			tvquran	tvquran	by_surah	114	mp3	mp3	22050	2	cbr	64	104227	
mohammed_sulaiman_patel	Mohammed Sulaiman Patel	محمد سليمان باتيل	South Africa/India	mohammed_sulaiman_patel_qdc	hafs_an_asim	murattal			quranicaudio	quranicaudio	by_surah	114	mp3	mp3			unknown		68474	
mohammed_taha_al_junaid	Mohammed Taha Al-Junaid	محمد طه الجنيد		mohammed_taha_al_junaid_archive	hafs_an_asim	murattal			surah-quran	archive_org	by_surah	68	mp3	mp3	44100	2	mixed		34394	
mohammed_taha_hindawi	Mohammed Taha Hindawi	محمد طه هنداوي		mohammed_taha_hindawi_tvquran	hafs_an_asim	murattal			tvquran	tvquran	by_surah	114	mp3	mp3	44100	2	cbr	256	95496	
mouad_douik	Mouad Douik	معاذ دويك		mouad_douik_archive	hafs_an_asim	murattal			surah-quran	archive_org	by_surah	81	mp3	mp3	44100	2	mixed		42312	
mousa_bilal	Mousa Bilal	موسى بلال		mousa_bilal_mp3quran	hafs_an_asim	murattal			mp3quran	mp3quran	by_surah	114	mp3	mp3	44100	1	mixed		75432	
mousa_bilal	Mousa Bilal	موسى بلال		mousa_bilal_tvquran	hafs_an_asim	murattal			tvquran	tvquran	by_surah	114	mp3	mp3	44100	1	mixed		75822	
muamar_al_indonesi	Muamar Al-Indonesi	معمر الأندونيسي	Indonesia	muamar_al_indonesi_mp3quran	hafs_an_asim	murattal			mp3quran	mp3quran	by_surah	8	mp3	mp3	22050	2	cbr	48	3754	
muamar_al_indonesi	Muamar Al-Indonesi	معمر الأندونيسي	Indonesia	muamar_al_indonesi_tvquran	hafs_an_asim	murattal			tvquran	tvquran	by_surah	8	mp3	mp3	22050	2	cbr	48	3832	
muftah_al_sultani	Muftah Al-Sultani	مفتاح السلطني	Libya	muftah_al_sultani_archive	hafs_an_asim	murattal			surah-quran	archive_org	by_surah	114	mp3	mp3	44100	2	cbr	192	89416	
muftah_al_sultani	Muftah Al-Sultani	مفتاح السلطني	Libya	muftah_al_sultani_dhakwan_mp3quran	ibn_dhakwan_ibn_amir	murattal			mp3quran	mp3quran	by_surah	114	mp3	mp3	48000	2	mixed		92778	
muftah_al_sultani	Muftah Al-Sultani	مفتاح السلطني	Libya	muftah_al_sultani_dhakwan_tvquran	ibn_dhakwan_ibn_amir	murattal			tvquran	tvquran	by_surah	114	mp3	mp3	48000	2	mixed		93206	
muftah_al_sultani	Muftah Al-Sultani	مفتاح السلطني	Libya	muftah_al_sultani_duri_amr_mp3quran	duri_abu_amr	murattal			mp3quran	mp3quran	by_surah	114	mp3	mp3	44100	2	cbr	128	95599	
muftah_al_sultani	Muftah Al-Sultani	مفتاح السلطني	Libya	muftah_al_sultani_duri_amr_tvquran	duri_abu_amr	murattal			tvquran	tvquran	by_surah	114	mp3	mp3	44100	2	cbr	128	96009	
muftah_al_sultani	Muftah Al-Sultani	مفتاح السلطني	Libya	muftah_al_sultani_duri_kisai_mp3quran	duri_al_kisai	murattal			mp3quran	mp3quran	by_surah	114	mp3	mp3	44100	2	cbr	192	89416	
muftah_al_sultani	Muftah Al-Sultani	مفتاح السلطني	Libya	muftah_al_sultani_duri_kisai_tvquran	duri_al_kisai	murattal			tvquran	tvquran	by_surah	113	mp3	mp3	44100	2	cbr	192	89642	
muftah_al_sultani	Muftah Al-Sultani	مفتاح السلطني	Libya	muftah_al_sultani_mp3quran	hafs_an_asim	murattal			mp3quran	mp3quran	by_surah	114	mp3	mp3	44100	2	mixed		77501	
muftah_al_sultani	Muftah Al-Sultani	مفتاح السلطني	Libya	muftah_al_sultani_shubah_mp3quran	shubah_an_asim	murattal			mp3quran	mp3quran	by_surah	77	mp3	mp3	48000	2	mixed		89126	
muftah_al_sultani	Muftah Al-Sultani	مفتاح السلطني	Libya	muftah_al_sultani_shubah_tvquran	shubah_an_asim	murattal			tvquran	tvquran	by_surah	77	mp3	mp3	48000	2	mixed		89410	
muftah_al_sultani	Muftah Al-Sultani	مفتاح السلطني	Libya	muftah_al_sultani_tvquran	hafs_an_asim	murattal			tvquran	tvquran	by_surah	114	mp3	mp3	44100	2	cbr	192	77779	
mukhtar_al_haj	Mukhtar Al-Haj	مختار الحاج		mukhtar_al_haj_mp3quran	hafs_an_asim	murattal			mp3quran	mp3quran	by_surah	114	mp3	mp3	44100	2	mixed		98678	
mustafa_al_azawi	Mustafa Al-Azawi	مصطفى العزاوي		mustafa_al_azawi_qdc	hafs_an_asim	murattal			quranicaudio	quranicaudio	by_surah	114	mp3	mp3	44100	2	mixed		91242	
mustafa_al_ferjani	Mustafa Al-Ferjani	مصطفى الفرجاني	Libya	mustafa_al_ferjani_archive	hafs_an_asim	murattal			surah-quran	archive_org	by_surah	62	mp3	mp3	44100	2	cbr	128	42211	
mustafa_al_lahoni	Mustafa Al-Lahoni	مصطفى اللاهوني		mustafa_al_lahoni_mp3quran	hafs_an_asim	murattal			mp3quran	mp3quran	by_surah	114	mp3	mp3	44100	2	mixed		97581	
mustafa_al_lahoni	Mustafa Al-Lahoni	مصطفى اللاهوني		mustafa_al_lahoni_tvquran	hafs_an_asim	murattal			tvquran	tvquran	by_surah	114	mp3	mp3	44100	2	cbr	48	97562	
mustafa_gharbi	Mustafa Gharbi	مصطفى غربي	Morocco	mustafa_gharbi_archive	hafs_an_asim	murattal			surah-quran	archive_org	by_surah	114	mp3	mp3	22050	2	mixed		91794	
mustafa_ismail	Mustafa Ismail	مصطفى إسماعيل	Egypt	mustafa_ismail_everyayah_byayah	hafs_an_asim	murattal			everyayah	everyayah	by_ayah	6236	mp3	mp3			unknown		103468	
mustafa_ismail	Mustafa Ismail	مصطفى إسماعيل	Egypt	mustafa_ismail_mp3quran	hafs_an_asim	murattal			mp3quran	mp3quran	by_surah	114	mp3	mp3	44100	2	cbr	128	103534	
mustafa_ismail	Mustafa Ismail	مصطفى إسماعيل	Egypt	mustafa_ismail_mujawwad_archive	hafs_an_asim	mujawwad			surah-quran	archive_org	by_surah	114	mp3	mp3	22050	1	mixed		284797	
mustafa_ismail	Mustafa Ismail	مصطفى إسماعيل	Egypt	mustafa_ismail_mujawwad_mp3quran	hafs_an_asim	mujawwad			mp3quran	mp3quran	by_surah	114	mp3	mp3	22050	1	cbr	96	281138	
mustafa_ismail	Mustafa Ismail	مصطفى إسماعيل	Egypt	mustafa_ismail_qdc	hafs_an_asim	murattal			quranicaudio	quranicaudio	by_surah	114	mp3	mp3	44100	2	mixed		108476	
mustafa_ismail	Mustafa Ismail	مصطفى إسماعيل	Egypt	mustafa_ismail_tvquran	hafs_an_asim	murattal			tvquran	tvquran	by_surah	114	mp3	mp3	44100	1	cbr	48	108675	
mustafa_raad_al_azzawi	Mustafa Raad Al-Azzawi	مصطفى رعد العزاوي	Iraq	mustafa_raad_al_azzawi_mp3quran	hafs_an_asim	murattal			mp3quran	mp3quran	by_surah	114	mp3	mp3	44100	2	mixed		91099	
mustafa_raad_al_azzawi	Mustafa Raad Al-Azzawi	مصطفى رعد العزاوي	Iraq	mustafa_raad_al_azzawi_tvquran	hafs_an_asim	murattal			tvquran	tvquran	by_surah	114	mp3	mp3	22050	2	cbr	64	91189	
nabil_al_rifai	Nabil Al-Rifai	نبيل الرفاعي		nabil_al_rifai_everyayah_byayah	hafs_an_asim	murattal			everyayah	everyayah	by_ayah	6236	mp3	mp3			unknown		87828	
nabil_al_rifai	Nabil Al-Rifai	نبيل الرفاعي		nabil_al_rifai_mp3quran	hafs_an_asim	murattal			mp3quran	mp3quran	by_surah	114	mp3	mp3	44100	2	mixed		87862	
nabil_al_rifai	Nabil Al-Rifai	نبيل الرفاعي		nabil_al_rifai_qdc	hafs_an_asim	murattal			quranicaudio	quranicaudio	by_surah	114	mp3	mp3	44100	2	vbr	149	87901	
nabil_al_rifai	Nabil Al-Rifai	نبيل الرفاعي		nabil_al_rifai_tvquran	hafs_an_asim	murattal			tvquran	tvquran	by_surah	114	mp3	mp3	22050	2	cbr	64	87989	
nasser_al_majed	Nasser Al-Majed	ناصر الماجد		nasser_al_majed_mp3quran	hafs_an_asim	murattal			mp3quran	mp3quran	by_surah	114	mp3	mp3	44100	2	mixed		79296	
nasser_al_obaid	Nasser Al-Obaid	ناصر العبيد		nasser_al_obaid_mp3quran	hafs_an_asim	murattal			mp3quran	mp3quran	by_surah	67	mp3	mp3	44100	2	cbr	128	30095	
nasser_al_obaid	Nasser Al-Obaid	ناصر العبيد		nasser_al_obaid_tvquran	hafs_an_asim	murattal			tvquran	tvquran	by_surah	9	mp3	mp3	44100	2	cbr	128	11609	
nasser_al_osfor	Nasser Al-Osfor	ناصر العصفور		nasser_al_osfor_mp3quran	hafs_an_asim	murattal			mp3quran	mp3quran	by_surah	114	mp3	mp3	44100	2	mixed		81538	
nasser_al_qatami	Nasser Al-Qatami	ناصر القطامي	Saudi Arabia	nasser_al_qatami_everyayah_byayah	hafs_an_asim	murattal			everyayah	everyayah	by_ayah	6236	mp3	mp3			unknown		97074	
nasser_al_qatami	Nasser Al-Qatami	ناصر القطامي	Saudi Arabia	nasser_al_qatami_mp3quran	hafs_an_asim	murattal			mp3quran	mp3quran	by_surah	114	mp3	mp3	44100	2	mixed		97116	
nasser_al_qatami	Nasser Al-Qatami	ناصر القطامي	Saudi Arabia	nasser_al_qatami_qdc	hafs_an_asim	murattal			quranicaudio	quranicaudio	by_surah	114	mp3	mp3	44100	2	mixed		97204	
nasser_al_qatami	Nasser Al-Qatami	ناصر القطامي	Saudi Arabia	nasser_al_qatami_tvquran	hafs_an_asim	murattal			tvquran	tvquran	by_surah	114	mp3	mp3	24000	2	cbr	64	98017	
nathier_al_malki	Nathier Al-Malki	نذير المالكي		nathier_al_malki_mp3quran	hafs_an_asim	murattal			mp3quran	mp3quran	by_surah	114	mp3	mp3	44100	2	cbr	128	94596	
neamah_al_hassan	Neamah Al-Hassan	نعمة الحسان		neamah_al_hassan_mp3quran	hafs_an_asim	murattal			mp3quran	mp3quran	by_surah	114	mp3	mp3	44100	1	cbr	96	110398	
neamah_al_hassan	Neamah Al-Hassan	نعمة الحسان		neamah_al_hassan_tvquran	hafs_an_asim	murattal			tvquran	tvquran	by_surah	114	mp3	mp3	44100	1	cbr	48	112869	
noreen_mohammed_siddiq	Noreen Mohammed Siddiq	نورين محمد صديق	Sudan	noreen_mohammed_siddiq_duri_amr_mp3quran	duri_abu_amr	murattal			mp3quran	mp3quran	by_surah	114	mp3	mp3	44100	2	cbr	128	97070	
noreen_mohammed_siddiq	Noreen Mohammed Siddiq	نورين محمد صديق	Sudan	noreen_mohammed_siddiq_duri_amr_qdc	duri_abu_amr	murattal			quranicaudio	quranicaudio	by_surah	114	mp3	mp3			unknown		96838	
noureddine_salim_nouri	Noureddine Salim Nouri	نور الدين سالم نوري		noureddine_salim_nouri_archive	hafs_an_asim	murattal			surah-quran	archive_org	by_surah	49	mp3	mp3	44100	2	mixed		36441	
obaida_muafaq	Obaida Muafaq	عبيدة موفق	Iraq	obaida_muafaq_archive	hafs_an_asim	murattal			surah-quran	archive_org	by_surah	114	mp3	mp3	44100	2	cbr	128	94508	
okasha_kameny	Okasha Kameny	عكاشة كميني		okasha_kameny_bazzi_archive	bazzi_ibn_kathir	murattal			surah-quran	archive_org	by_surah	114	mp3	mp3	44100	2	vbr	113	94244	
okasha_kameny	Okasha Kameny	عكاشة كميني		okasha_kameny_bazzi_mp3quran	bazzi_ibn_kathir	murattal			mp3quran	mp3quran	by_surah	114	mp3	mp3	44100	2	mixed		94416	
okasha_kameny	Okasha Kameny	عكاشة كميني		okasha_kameny_duri_kisai_mp3quran	duri_al_kisai	murattal			mp3quran	mp3quran	by_surah	38	mp3	mp3	22050	1	mixed		4548	
okasha_kameny	Okasha Kameny	عكاشة كميني		okasha_kameny_duri_kisai_tvquran	duri_al_kisai	murattal			tvquran	tvquran	by_surah	38	mp3	mp3	22050	1	mixed		5339	
omar_al_darweez	Omar Al-Darweez	عمر الدريويز		omar_al_darweez_mp3quran	hafs_an_asim	murattal			mp3quran	mp3quran	by_surah	97	mp3	mp3	44100	2	mixed		90959	
omar_al_qazabri	Omar Al-Qazabri	عمر القزابري	Morocco	omar_al_qazabri_warsh_mp3quran	warsh_an_nafi	murattal			mp3quran	mp3quran	by_surah	114	mp3	mp3	44100	2	cbr	128	113862	
omar_al_qazabri	Omar Al-Qazabri	عمر القزابري	Morocco	omar_al_qazabri_warsh_tvquran	warsh_an_nafi	murattal			tvquran	tvquran	by_surah	114	mp3	mp3	22050	2	cbr	64	109086	
omar_bin_abdulaziz	Omar bin Abdulaziz	عمر بن عبد العزيز		omar_bin_abdulaziz_archive	hafs_an_asim	murattal			surah-quran	archive_org	by_surah	10	mp3	mp3	44100	2	cbr	128	16763	
omar_hisham	Omar Hisham	عمر هشام		omar_hisham_archive	hafs_an_asim	murattal			surah-quran	archive_org	by_surah	71	mp3	mp3	11025	2	mixed		40714	
othman_al_ansary	Othman Al-Ansary	عثمان الأنصاري		othman_al_ansary_mp3quran	hafs_an_asim	murattal			mp3quran	mp3quran	by_surah	76	mp3	mp3	44100	2	cbr	256	41485	
othman_al_ansary	Othman Al-Ansary	عثمان الأنصاري		othman_al_ansary_tvquran	hafs_an_asim	murattal			tvquran	tvquran	by_surah	76	mp3	mp3	32000	2	cbr	128	41536	
peshawa_qadir_al_kurdi	Peshawa Qadir Al-Kurdi	بيشه وا قادر الكردي		peshawa_qadir_al_kurdi_mp3quran	hafs_an_asim	murattal			mp3quran	mp3quran	by_surah	114	mp3	mp3	44100	2	mixed		90044	
peshawa_qadir_al_kurdi	Peshawa Qadir Al-Kurdi	بيشه وا قادر الكردي		peshawa_qadir_al_kurdi_qdc	hafs_an_asim	murattal			quranicaudio	quranicaudio	by_surah	114	mp3	mp3	32000	2	cbr	64	88672	
peshawa_qadir_al_kurdi	Peshawa Qadir Al-Kurdi	بيشه وا قادر الكردي		peshawa_qadir_al_kurdi_tvquran	hafs_an_asim	murattal			tvquran	tvquran	by_surah	114	mp3	mp3	48000	2	mixed		89964	
raad_al_kurdi	Raad Al-Kurdi	رعد محمد الكردي		raad_al_kurdi_archive	hafs_an_asim	murattal			surah-quran	archive_org	by_surah	98	mp3	mp3	44100	2	cbr	128	116330	
raad_al_kurdi	Raad Al-Kurdi	رعد محمد الكردي		raad_al_kurdi_mp3quran	hafs_an_asim	murattal			mp3quran	mp3quran	by_surah	114	mp3	mp3	44100	2	mixed		116497	
raad_al_kurdi	Raad Al-Kurdi	رعد محمد الكردي		raad_al_kurdi_qdc	hafs_an_asim	murattal			quranicaudio	quranicaudio	by_surah	114	mp3	mp3	44100	2	cbr	128	119819	
raad_al_kurdi	Raad Al-Kurdi	رعد محمد الكردي		raad_al_kurdi_tvquran	hafs_an_asim	murattal			tvquran	tvquran	by_surah	53	mp3	mp3	44100	2	cbr	128	25172	
rachid_belachia	Rachid Belachia	رشيد بلعشية	Morocco	rachid_belachia_archive	hafs_an_asim	murattal			surah-quran	archive_org	by_surah	114	mp3	mp3	24000	2	cbr	64	61587	
rachid_belalia	Rachid Belalia	رشيد بلعالية	Algeria	rachid_belalia_archive	hafs_an_asim	murattal			surah-quran	archive_org	by_surah	114	mp3	mp3	44100	2	mixed		90396	
rachid_belalia	Rachid Belalia	رشيد بلعالية	Algeria	rachid_belalia_mp3quran	hafs_an_asim	murattal			mp3quran	mp3quran	by_surah	5	mp3	mp3	44100	2	cbr	128	2845	
rachid_belalia	Rachid Belalia	رشيد بلعالية	Algeria	rachid_belalia_warsh_mp3quran	warsh_an_nafi	murattal			mp3quran	mp3quran	by_surah	114	mp3	mp3	22050	2	mixed		91420	
rachid_belalia	Rachid Belalia	رشيد بلعالية	Algeria	rachid_belalia_warsh_tvquran	warsh_an_nafi	murattal			tvquran	tvquran	by_surah	114	mp3	mp3	22050	2	vbr	76	90542	
rachid_ifrad	Rachid Ifrad	رشيد إفراد	Morocco	rachid_ifrad_warsh_mp3quran	warsh_an_nafi	murattal			mp3quran	mp3quran	by_surah	51	mp3	mp3	44100	2	mixed		63670	
rachid_ifrad	Rachid Ifrad	رشيد إفراد	Morocco	rachid_ifrad_warsh_tvquran	warsh_an_nafi	murattal			tvquran	tvquran	by_surah	15	mp3	mp3	44100	2	cbr	128	27462	
ramadan_shakour	Ramadan Shakour	رمضان شكور		ramadan_shakour_mp3quran	hafs_an_asim	murattal			mp3quran	mp3quran	by_surah	65	mp3	mp3	44100	2	cbr	128	38552	
ramadan_shakour	Ramadan Shakour	رمضان شكور		ramadan_shakour_tvquran	hafs_an_asim	murattal			tvquran	tvquran	by_surah	63	mp3	mp3	44100	2	cbr	128	27078	
rami_al_deais	Rami Al-Deais	رامي الدعيس		rami_al_deais_mp3quran	hafs_an_asim	murattal			mp3quran	mp3quran	by_surah	114	mp3	mp3	44100	2	cbr	320	87374	
rami_al_deais	Rami Al-Deais	رامي الدعيس		rami_al_deais_tvquran	hafs_an_asim	murattal			tvquran	tvquran	by_surah	114	mp3	mp3	44100	2	cbr	128	87589	
rayan_al_muhaisni	Rayan Al-Muhaisni	ريان المحيسني	Saudi Arabia	rayan_al_muhaisni_archive	hafs_an_asim	murattal			surah-quran	archive_org	by_surah	114	mp3	mp3	44100	2	vbr	159	72173	
rizgar_kurdy	Rizgar Kurdy	رزكار كردي		rizgar_kurdy_archive	hafs_an_asim	murattal			surah-quran	archive_org	by_surah	55	mp3	mp3	48000	2	mixed		58033	
rodziah_abdulrahman	Rodziah Abdulrahman	رضية عبد الرحمن	Malaysia	rodziah_abdulrahman_mp3quran	hafs_an_asim	murattal			mp3quran	mp3quran	by_surah	4	mp3	mp3	44100	2	cbr	128	2355	
rodziah_abdulrahman	Rodziah Abdulrahman	رضية عبد الرحمن	Malaysia	rodziah_abdulrahman_tvquran	hafs_an_asim	murattal			tvquran	tvquran	by_surah	4	mp3	mp3	44100	2	cbr	128	2359	
rogayah_sulong	Rogayah Sulong	رقية سولونق	Malaysia	rogayah_sulong_mp3quran	hafs_an_asim	murattal			mp3quran	mp3quran	by_surah	1	mp3	mp3	44100	2	cbr	128	3653	
rogayah_sulong	Rogayah Sulong	رقية سولونق	Malaysia	rogayah_sulong_tvquran	hafs_an_asim	murattal			tvquran	tvquran	by_surah	1	mp3	mp3	44100	2	cbr	128	3654	
saad_al_ghamdi	Saad Al-Ghamdi	سعد الغامدي	Saudi Arabia	saad_al_ghamdi_everyayah_byayah	hafs_an_asim	murattal			everyayah	everyayah	by_ayah	6236	mp3	mp3			unknown		89267	
saad_al_ghamdi	Saad Al-Ghamdi	سعد الغامدي	Saudi Arabia	saad_al_ghamdi_mp3quran	hafs_an_asim	murattal			mp3quran	mp3quran	by_surah	114	mp3	mp3	22050	2	cbr	96	89255	
saad_al_ghamdi	Saad Al-Ghamdi	سعد الغامدي	Saudi Arabia	saad_al_ghamdi_qdc	hafs_an_asim	murattal			quranicaudio	quranicaudio	by_surah	114	mp3	mp3	44100	2	mixed		89119	
saad_al_ghamdi	Saad Al-Ghamdi	سعد الغامدي	Saudi Arabia	saad_al_ghamdi_tarteel	hafs_an_asim	murattal			qul	tarteel	by_surah	114	mp3	mp3	44100	2	mixed		88413	
saad_al_ghamdi	Saad Al-Ghamdi	سعد الغامدي	Saudi Arabia	saad_al_ghamdi_tvquran	hafs_an_asim	murattal			tvquran	tvquran	by_surah	114	mp3	mp3	22050	2	cbr	64	89182	
saad_al_mqren	Saad Al-Mqren	سعد المقرن		saad_al_mqren_mp3quran	hafs_an_asim	murattal			mp3quran	mp3quran	by_surah	114	mp3	mp3	44100	2	cbr	128	63412	
saad_mohammed	Saad Mohammed	سعد محمد		saad_mohammed_tvquran	hafs_an_asim	murattal			tvquran	tvquran	by_surah	114	mp3	mp3	44100	2	cbr	256	100895	
saber_abdulhakam	Saber Abdulhakam	صابر عبد الحكم		saber_abdulhakam_mp3quran	hafs_an_asim	murattal			mp3quran	mp3quran	by_surah	114	mp3	mp3	24000	2	mixed		85221	
saber_abdulhakam	Saber Abdulhakam	صابر عبد الحكم		saber_abdulhakam_tvquran	hafs_an_asim	murattal			tvquran	tvquran	by_surah	114	mp3	mp3	24000	2	mixed		85494	
sadaqat_ali	Sadaqat Ali	صدقات علي	Pakistan	sadaqat_ali_archive	hafs_an_asim	murattal			surah-quran	archive_org	by_surah	114	mp3	mp3	44100	2	cbr	192	73102	
sadaqat_ali	Sadaqat Ali	صدقات علي	Pakistan	sadaqat_ali_qdc	hafs_an_asim	murattal			quranicaudio	quranicaudio	by_surah	114	mp3	mp3	44100	2	cbr	192	73072	
saeed_alkhatib	Saeed Al-Khatib	سعيد الخطيب	Saudi Arabia	saeed_alkhatib_archive	hafs_an_asim	murattal			surah-quran	archive_org	by_surah	114	mp3	mp3	44100	2	mixed		127408	
saeed_ramadan	Saeed Ramadan	سيد رمضان		saeed_ramadan_mp3quran	hafs_an_asim	murattal			mp3quran	mp3quran	by_surah	114	mp3	mp3	44100	2	cbr	128	90248	
saeed_ramadan	Saeed Ramadan	سيد رمضان		saeed_ramadan_tvquran	hafs_an_asim	murattal			tvquran	tvquran	by_surah	114	mp3	mp3	22050	2	cbr	64	90448	
sahl_yassin	Sahl Yassin	سهل ياسين		sahl_yassin_archive	hafs_an_asim	murattal			surah-quran	archive_org	by_surah	114	mp3	mp3	44100	1	cbr	64	87068	
sahl_yassin	Sahl Yassin	سهل ياسين		sahl_yassin_everyayah_byayah	hafs_an_asim	murattal			everyayah	everyayah	by_ayah	6236	mp3	mp3			unknown		87932	
sahl_yassin	Sahl Yassin	سهل ياسين		sahl_yassin_mp3quran	hafs_an_asim	murattal			mp3quran	mp3quran	by_surah	114	mp3	mp3	44100	2	mixed		87996	
sahl_yassin	Sahl Yassin	سهل ياسين		sahl_yassin_qdc	hafs_an_asim	murattal			quranicaudio	quranicaudio	by_surah	114	mp3	mp3	44100	2	mixed		87634	
sahl_yassin	Sahl Yassin	سهل ياسين		sahl_yassin_tvquran	hafs_an_asim	murattal			tvquran	tvquran	by_surah	114	mp3	mp3	22050	2	cbr	64	87301	
said_alkady	Said Alkady	سعيد القاضي		said_alkady_tvquran	hafs_an_asim	murattal			tvquran	tvquran	by_surah	87	mp3	mp3	44100	2	cbr	192	57071	
salah_al_baji	Salah Al-Baji	صلاح الباجي		salah_al_baji_archive	hafs_an_asim	murattal			surah-quran	archive_org	by_surah	34	mp3	mp3	44100	2	mixed		9140	
salah_al_budair	Salah Al-Budair	صلاح البدير	Saudi Arabia	salah_al_budair_everyayah_byayah	hafs_an_asim	murattal			everyayah	everyayah	by_ayah	6236	mp3	mp3			unknown		77759	
salah_al_budair	Salah Al-Budair	صلاح البدير	Saudi Arabia	salah_al_budair_mp3quran	hafs_an_asim	murattal			mp3quran	mp3quran	by_surah	114	mp3	mp3	48000	2	cbr	320	77834	
salah_al_budair	Salah Al-Budair	صلاح البدير	Saudi Arabia	salah_al_budair_qdc	hafs_an_asim	murattal			quranicaudio	quranicaudio	by_surah	114	mp3	mp3	44100	2	mixed		75522	
salah_al_budair	Salah Al-Budair	صلاح البدير	Saudi Arabia	salah_al_budair_tvquran	hafs_an_asim	murattal			tvquran	tvquran	by_surah	114	mp3	mp3	22050	2	cbr	64	75582	
salah_alhashim	Salah Al-Hashim	صلاح الهاشم		salah_alhashim_mp3quran	hafs_an_asim	murattal			mp3quran	mp3quran	by_surah	114	mp3	mp3	44100	2	mixed		96290	
salah_alhashim	Salah Al-Hashim	صلاح الهاشم		salah_alhashim_qalon_mp3quran	qalon_an_nafi	murattal			mp3quran	mp3quran	by_surah	7	mp3	mp3	44100	2	cbr	128	5358	
salah_alhashim	Salah Al-Hashim	صلاح الهاشم		salah_alhashim_qalon_tvquran	qalon_an_nafi	murattal			tvquran	tvquran	by_surah	7	mp3	mp3	44100	2	cbr	128	5351	
salah_alhashim	Salah Al-Hashim	صلاح الهاشم		salah_alhashim_qdc	hafs_an_asim	murattal			quranicaudio	quranicaudio	by_surah	112	mp3	mp3	44100	2	mixed		94365	
salah_alhashim	Salah Al-Hashim	صلاح الهاشم		salah_alhashim_tvquran	hafs_an_asim	murattal			tvquran	tvquran	by_surah	114	mp3	mp3	22050	2	mixed		96557	
salah_aljamal	Salah Al-Jamal	صلاح الجمل	Egypt	salah_aljamal_archive	hafs_an_asim	murattal			surah-quran	archive_org	by_surah	114	mp3	mp3	48000	2	vbr	128	84181	
salah_baothman	Salah Ba Othman	صلاح باعثمان	Saudi Arabia	salah_baothman_archive	hafs_an_asim	murattal			surah-quran	archive_org	by_surah	114	mp3	mp3			unknown		81615	
salah_bukhatir	Salah Bukhatir	صلاح بوخاطر	UAE	salah_bukhatir_everyayah_byayah	hafs_an_asim	murattal			everyayah	everyayah	by_ayah	6236	mp3	mp3			unknown		85047	
salah_bukhatir	Salah Bukhatir	صلاح بوخاطر	UAE	salah_bukhatir_mp3quran	hafs_an_asim	murattal			mp3quran	mp3quran	by_surah	114	mp3	mp3	44100	2	cbr	128	85098	
salah_bukhatir	Salah Bukhatir	صلاح بوخاطر	UAE	salah_bukhatir_qdc	hafs_an_asim	murattal			quranicaudio	quranicaudio	by_surah	114	mp3	mp3	44100	2	mixed		85168	
salah_bukhatir	Salah Bukhatir	صلاح بوخاطر	UAE	salah_bukhatir_tvquran	hafs_an_asim	murattal			tvquran	tvquran	by_surah	114	mp3	mp3	22050	2	cbr	64	85075	
salah_el_najjar	Salah El-Najjar	صلاح النجار		salah_el_najjar_tvquran	hafs_an_asim	murattal			tvquran	tvquran	by_surah	114	mp3	mp3	22050	1	mixed		105697	
salah_musali	Salah Musali	صلاح مصلي		salah_musali_mp3quran	hafs_an_asim	murattal			mp3quran	mp3quran	by_surah	49	mp3	mp3	44100	2	mixed		8245	
saleh_al_ansari	Saleh Al-Ansari	صالح الأنصاري		saleh_al_ansari_archive	hafs_an_asim	murattal			surah-quran	archive_org	by_surah	41	mp3	mp3	22050	2	mixed		54533	
saleh_al_habdan	Saleh Al-Habdan	صالح الهبدان		saleh_al_habdan_mp3quran	hafs_an_asim	murattal			mp3quran	mp3quran	by_surah	114	mp3	mp3	44100	2	cbr	192	95956	
saleh_al_habdan	Saleh Al-Habdan	صالح الهبدان		saleh_al_habdan_tvquran	hafs_an_asim	murattal			tvquran	tvquran	by_surah	2	mp3	mp3	44100	2	cbr	128	2826	
saleh_al_quraishi	Saleh Al-Quraishi	صالح القريشي		saleh_al_quraishi_mp3quran	hafs_an_asim	murattal			mp3quran	mp3quran	by_surah	114	mp3	mp3	44100	2	mixed		118826	
saleh_al_sahood	Saleh Al-Sahood	صالح الصاهود		saleh_al_sahood_mp3quran	hafs_an_asim	murattal			mp3quran	mp3quran	by_surah	114	mp3	mp3	44100	2	cbr	128	96625	
saleh_al_sahood	Saleh Al-Sahood	صالح الصاهود		saleh_al_sahood_tvquran	hafs_an_asim	murattal			tvquran	tvquran	by_surah	112	mp3	mp3	22050	2	mixed		91840	
saleh_al_shamrani	Saleh Al-Shamrani	صالح الشمراني		saleh_al_shamrani_mp3quran	hafs_an_asim	murattal			mp3quran	mp3quran	by_surah	114	mp3	mp3	22050	1	mixed		82852	
saleh_al_talib	Saleh Al-Talib	صالح آل طالب	Saudi Arabia	saleh_al_talib_mp3quran	hafs_an_asim	murattal			mp3quran	mp3quran	by_surah	33	mp3	mp3	44100	2	mixed		15290	
saleh_al_talib	Saleh Al-Talib	صالح آل طالب	Saudi Arabia	saleh_al_talib_qdc	hafs_an_asim	murattal			quranicaudio	quranicaudio	by_surah	32	mp3	mp3	44100	2	cbr	128	11276	
saleh_al_talib	Saleh Al-Talib	صالح آل طالب	Saudi Arabia	saleh_al_talib_tvquran	hafs_an_asim	murattal			tvquran	tvquran	by_surah	32	mp3	mp3	44100	2	cbr	128	11294	
saleh_al_tami	Saleh Al-Tami	صالح الطامي		saleh_al_tami_tvquran	hafs_an_asim	murattal			tvquran	tvquran	by_surah	114	mp3	mp3	44100	2	mixed		121314	
salem_al_ruwaili	Salem Al-Ruwaili	سالم الرويلي		salem_al_ruwaili_archive	hafs_an_asim	murattal			surah-quran	archive_org	by_surah	24	mp3	mp3	44100	2	mixed		16024	
salih_ahmed_salih	Salih Ahmed Salih	صالح أحمد صالح	Sudan	salih_ahmed_salih_archive	hafs_an_asim	murattal			surah-quran	archive_org	by_surah	114	mp3	mp3	11025	1	cbr	32	91094	
salman_al_otaibi	Salman Al-Otaibi	سلمان العتيبي		salman_al_otaibi_archive	hafs_an_asim	murattal			surah-quran	archive_org	by_surah	68	mp3	mp3			unknown			
salman_al_otaibi	Salman Al-Otaibi	سلمان العتيبي		salman_al_otaibi_mp3quran	hafs_an_asim	murattal			mp3quran	mp3quran	by_surah	76	mp3	mp3	44100	2	mixed		38574	
salman_al_otaibi	Salman Al-Otaibi	سلمان العتيبي		salman_al_otaibi_tvquran	hafs_an_asim	murattal			tvquran	tvquran	by_surah	59	mp3	mp3	44100	2	mixed		10698	
salman_al_sadeiq	Salman Al-Sadeiq	سلمان الصديق		salman_al_sadeiq_mp3quran	hafs_an_asim	murattal			mp3quran	mp3quran	by_surah	114	mp3	mp3	44100	2	mixed		99383	
samer_islam	Samer Islam	سامر إسلام		samer_islam_tvquran	hafs_an_asim	murattal			tvquran	tvquran	by_surah	114	mp3	mp3	48000	2	cbr	320	83963	
sami_al_dosari	Sami Al-Dosari	سامي الدوسري		sami_al_dosari_mp3quran	hafs_an_asim	murattal			mp3quran	mp3quran	by_surah	53	mp3	mp3	44100	2	cbr	128	29186	
sami_al_dosari	Sami Al-Dosari	سامي الدوسري		sami_al_dosari_tvquran	hafs_an_asim	murattal			tvquran	tvquran	by_surah	41	mp3	mp3	44100	2	cbr	128	6745	
sami_al_hasn	Sami Al-Hasn	سامي الحسن		sami_al_hasn_mp3quran	hafs_an_asim	murattal			mp3quran	mp3quran	by_surah	28	mp3	mp3	22050	2	mixed		13124	
sami_al_hasn	Sami Al-Hasn	سامي الحسن		sami_al_hasn_tvquran	hafs_an_asim	murattal			tvquran	tvquran	by_surah	26	mp3	mp3	22050	2	cbr	64	10645	
sapinah_mamat	Sapinah Mamat	سابينة مامات	Malaysia	sapinah_mamat_mp3quran	hafs_an_asim	murattal			mp3quran	mp3quran	by_surah	4	mp3	mp3	44100	2	cbr	128	2903	
sapinah_mamat	Sapinah Mamat	سابينة مامات	Malaysia	sapinah_mamat_tvquran	hafs_an_asim	murattal			tvquran	tvquran	by_surah	4	mp3	mp3	44100	2	cbr	128	2906	
saud_al_shuraim	Saud Al-Shuraim	سعود الشريم	Saudi Arabia	saud_al_shuraim_everyayah_byayah	hafs_an_asim	murattal			everyayah	everyayah	by_ayah	6236	mp3	mp3			unknown		65739	
saud_al_shuraim	Saud Al-Shuraim	سعود الشريم	Saudi Arabia	saud_al_shuraim_mp3quran	hafs_an_asim	murattal			mp3quran	mp3quran	by_surah	114	mp3	mp3	44100	2	cbr	128	65801	
saud_al_shuraim	Saud Al-Shuraim	سعود الشريم	Saudi Arabia	saud_al_shuraim_qdc	hafs_an_asim	murattal			quranicaudio	quranicaudio	by_surah	114	mp3	mp3	44100	2	mixed		65807	
saud_al_shuraim	Saud Al-Shuraim	سعود الشريم	Saudi Arabia	saud_al_shuraim_tarteel	hafs_an_asim	murattal			qul	tarteel	by_surah	114	mp3	mp3	44100	2	mixed		65338	
saud_al_shuraim	Saud Al-Shuraim	سعود الشريم	Saudi Arabia	saud_al_shuraim_tvquran	hafs_an_asim	murattal			tvquran	tvquran	by_surah	114	mp3	mp3	22050	2	cbr	64	65852	
sayed_ahmed_hashemi	Sayed Ahmed Hashemi	سيد أحمد هاشمي		sayed_ahmed_hashemi_mp3quran	hafs_an_asim	murattal			mp3quran	mp3quran	by_surah	114	mp3	mp3	32000	2	cbr	96	103224	
sayid_mutauli	Sayid Mutauli	سيد متولي		sayid_mutauli_archive	hafs_an_asim	murattal			surah-quran	archive_org	by_surah	36	mp3	mp3	22050	2	mixed		53826	
shaban_al_sayyad	Shaban Al-Sayyad	شعبان الصياد		shaban_al_sayyad_mp3quran	hafs_an_asim	murattal			mp3quran	mp3quran	by_surah	65	mp3	mp3	48000	2	mixed		79270	
shaban_al_sayyad	Shaban Al-Sayyad	شعبان الصياد		shaban_al_sayyad_tvquran	hafs_an_asim	murattal			tvquran	tvquran	by_surah	2	mp3	mp3	44100	2	cbr	128	4897	
shahat_mohammed_anwar	Shahat Mohammed Anwar	الشحات محمد أنور	Egypt	shahat_mohammed_anwar_archive	hafs_an_asim	murattal			surah-quran	archive_org	by_surah	114	mp3	mp3	44100	2	mixed		115316	
shahat_mohammed_anwar	Shahat Mohammed Anwar	الشحات محمد أنور	Egypt	shahat_mohammed_anwar_mujawwad_archive	hafs_an_asim	mujawwad			surah-quran	archive_org	by_surah	49	mp3	mp3	44100	2	cbr	128	90207	
shahat_mohammed_anwar	Shahat Mohammed Anwar	الشحات محمد أنور	Egypt	shahat_mohammed_anwar_tvquran	hafs_an_asim	murattal			tvquran	tvquran	by_surah	114	mp3	mp3	44100	2	mixed		113728	
shahriar_parhizgar	Shahriar Parhizgar	شهريار پرهيزكار	Iran	shahriar_parhizgar_everyayah_byayah	hafs_an_asim	murattal			everyayah	everyayah	by_ayah	6236	mp3	mp3			unknown		94761	
shawqy_hamed	Shawqy Hamed	شوقي حامد		shawqy_hamed_qdc	hafs_an_asim	murattal			quranicaudio	quranicaudio	by_surah	72	mp3	mp3	44100	2	mixed		67827	
sherif_mustafa	Sherif Mustafa	شريف مصطفى		sherif_mustafa_archive	hafs_an_asim	murattal			surah-quran	archive_org	by_surah	23	mp3	mp3	48000	2	mixed		14538	
shirazad_taher	Shirazad Taher	شيرزاد طاهر		shirazad_taher_mp3quran	hafs_an_asim	murattal			mp3quran	mp3quran	by_surah	114	mp3	mp3	44100	2	cbr	128	104089	
shirazad_taher	Shirazad Taher	شيرزاد طاهر		shirazad_taher_tvquran	hafs_an_asim	murattal			tvquran	tvquran	by_surah	114	mp3	mp3	22050	2	cbr	64	104163	
sudais_and_shuraym	Sudais and Shuraym	السديس والشريم	Saudi Arabia	sudais_and_shuraym_qdc	hafs_an_asim	murattal			quranicaudio	quranicaudio	by_surah	111	mp3	mp3	44100	2	mixed		68334	
sultan_al_rukan	Sultan Al-Rukan	سلطان الروكان		sultan_al_rukan_tvquran	hafs_an_asim	murattal			tvquran	tvquran	by_surah	11	mp3	mp3	22050	2	cbr	64	3078	
syed_saeed	Syed Saeed	سيد سعيد		syed_saeed_archive	hafs_an_asim	murattal			surah-quran	archive_org	by_surah	38	mp3	mp3	44100	2	mixed		60364	
tamer_islam	Tamer Islam	تامر إسلام		tamer_islam_tvquran	hafs_an_asim	murattal			tvquran	tvquran	by_surah	114	mp3	mp3	22050	2	mixed		92917	
tamim_al_rimi	Tamim Al-Rimi	تميم الريمي	Saudi Arabia	tamim_al_rimi_archive	hafs_an_asim	murattal			surah-quran	archive_org	by_surah	114	mp3	mp3			unknown			
tamim_al_rimi	Tamim Al-Rimi	تميم الريمي	Saudi Arabia	tamim_al_rimi_tvquran	hafs_an_asim	murattal			tvquran	tvquran	by_surah	114	mp3	mp3	44100	1	cbr	64	88200	
tareq_daawob	Tareq Daawob	طارق عبد الغني دعوب		tareq_daawob_qalon_mp3quran	qalon_an_nafi	murattal			mp3quran	mp3quran	by_surah	114	mp3	mp3	22050	2	mixed		99075	
tareq_daawob	Tareq Daawob	طارق عبد الغني دعوب		tareq_daawob_qalon_tvquran	qalon_an_nafi	murattal			tvquran	tvquran	by_surah	114	mp3	mp3	22050	2	cbr	56	98332	
tareq_mohammed	Tareq Mohammed	طارق محمد		tareq_mohammed_archive	hafs_an_asim	murattal			surah-quran	archive_org	by_surah	46	mp3	mp3	44100	2	mixed		40321	
tawfiq_al_nouri	Tawfiq Al-Nouri	توفيق النوري		tawfiq_al_nouri_warsh_tvquran	warsh_an_nafi	murattal			tvquran	tvquran	by_surah	114	mp3	mp3	44100	2	cbr	128	94100	
tawfiq_as_sayegh	Tawfiq As-Sayegh	توفيق الصايغ		tawfiq_as_sayegh_mp3quran	hafs_an_asim	murattal			mp3quran	mp3quran	by_surah	114	mp3	mp3	44100	2	mixed		91776	
tawfiq_as_sayegh	Tawfiq As-Sayegh	توفيق الصايغ		tawfiq_as_sayegh_qdc	hafs_an_asim	murattal			quranicaudio	quranicaudio	by_surah	114	mp3	mp3	44100	2	mixed		91852	
tawfiq_as_sayegh	Tawfiq As-Sayegh	توفيق الصايغ		tawfiq_as_sayegh_tvquran	hafs_an_asim	murattal			tvquran	tvquran	by_surah	114	mp3	mp3	22050	2	cbr	64	91801	
ustaz_zamri	Ustaz Zamri	أستاذ زامري	Malaysia	ustaz_zamri_mp3quran	hafs_an_asim	murattal			mp3quran	mp3quran	by_surah	7	mp3	mp3	44100	2	cbr	128	3398	
ustaz_zamri	Ustaz Zamri	أستاذ زامري	Malaysia	ustaz_zamri_tvquran	hafs_an_asim	murattal			tvquran	tvquran	by_surah	7	mp3	mp3	44100	2	cbr	128	3402	
wadie_al_yamani	Wadie Al-Yamani	وديع اليمني	Yemen	wadie_al_yamani_mp3quran	hafs_an_asim	murattal			mp3quran	mp3quran	by_surah	114	mp3	mp3	44100	2	cbr	128	105044	
wadie_al_yamani	Wadie Al-Yamani	وديع اليمني	Yemen	wadie_al_yamani_qdc	hafs_an_asim	murattal			quranicaudio	quranicaudio	by_surah	114	mp3	mp3	44100	2	cbr	128	105474	
wadie_al_yamani	Wadie Al-Yamani	وديع اليمني	Yemen	wadie_al_yamani_tvquran	hafs_an_asim	murattal			tvquran	tvquran	by_surah	114	mp3	mp3	44100	2	cbr	128	105918	
waleed_al_shamsan	Waleed Al-Shamsan	الوليد الشمسان		waleed_al_shamsan_archive	hafs_an_asim	murattal			surah-quran	archive_org	by_surah	24	mp3	mp3	22050	1	mixed		12121	
waleed_al_shamsan	Waleed Al-Shamsan	الوليد الشمسان		waleed_al_shamsan_mp3quran	hafs_an_asim	murattal			mp3quran	mp3quran	by_surah	71	mp3	mp3	44100	2	mixed		27255	
walid_al_dulaimi	Walid Al-Dulaimi	وليد الدليمي		walid_al_dulaimi_mp3quran	hafs_an_asim	murattal			mp3quran	mp3quran	by_surah	58	mp3	mp3	44100	2	cbr	128	26385	
walid_al_dulaimi	Walid Al-Dulaimi	وليد الدليمي		walid_al_dulaimi_tvquran	hafs_an_asim	murattal			tvquran	tvquran	by_surah	51	mp3	mp3	44100	2	cbr	128	18255	
walid_al_naihi	Walid Al-Naihi	وليد النائحي		walid_al_naihi_qalon_mp3quran	qalon_an_nafi	murattal			mp3quran	mp3quran	by_surah	114	mp3	mp3	44100	2	cbr	128	86466	
walid_al_naihi	Walid Al-Naihi	وليد النائحي		walid_al_naihi_qalon_tvquran	qalon_an_nafi	murattal			tvquran	tvquran	by_surah	114	mp3	mp3	44100	2	cbr	128	87413	
walid_atef	Walid Atef	وليد عاطف		walid_atef_tvquran	hafs_an_asim	murattal			tvquran	tvquran	by_surah	82	mp3	mp3	22050	1	mixed		62291	
walid_mehsas	Walid Mehsas	وليد محساس		walid_mehsas_archive	hafs_an_asim	murattal			surah-quran	archive_org	by_surah	78	mp3	mp3	22050	2	mixed		87236	
wasel_almethen	Wasel Almethen	واصل المذن		wasel_almethen_mp3quran	hafs_an_asim	murattal			mp3quran	mp3quran	by_surah	9	mp3	mp3	44100	2	cbr	128	8822	
wasel_almethen	Wasel Almethen	واصل المذن		wasel_almethen_tvquran	hafs_an_asim	murattal			tvquran	tvquran	by_surah	2	mp3	mp3	44100	2	cbr	128	1423	
wishear_hayder_arbili	Wishear Hayder Arbili	وشيار حيدر اربيلي	Kurdistan	wishear_hayder_arbili_mp3quran	hafs_an_asim	murattal			mp3quran	mp3quran	by_surah	2	mp3	mp3	44100	2	cbr	128	3341	
wishear_hayder_arbili	Wishear Hayder Arbili	وشيار حيدر اربيلي	Kurdistan	wishear_hayder_arbili_tvquran	hafs_an_asim	murattal			tvquran	tvquran	by_surah	2	mp3	mp3	44100	2	cbr	128	3357	
yahya_hawwa	Yahya Hawwa	يحيى حوا	Syria	yahya_hawwa_mp3quran	hafs_an_asim	murattal			mp3quran	mp3quran	by_surah	114	mp3	mp3	44100	1	cbr	64	86270	
yahya_hawwa	Yahya Hawwa	يحيى حوا	Syria	yahya_hawwa_tvquran	hafs_an_asim	murattal			tvquran	tvquran	by_surah	114	mp3	mp3	44100	1	cbr	64	86265	
yasser_al_deeb	Yasser Al-Deeb	ياسر الديب		yasser_al_deeb_tvquran	hafs_an_asim	murattal			tvquran	tvquran	by_surah	114	mp3	mp3	44100	2	mixed		107485	
yasser_al_dosari	Yasser Al-Dosari	ياسر الدوسري	Saudi Arabia	yasser_al_dosari_archive	hafs_an_asim	murattal			surah-quran	archive_org	by_surah	114	mp3	mp3	44100	2	cbr	128	40662	
yasser_al_dosari	Yasser Al-Dosari	ياسر الدوسري	Saudi Arabia	yasser_al_dosari_everyayah_byayah	hafs_an_asim	murattal			everyayah	everyayah	by_ayah	6236	mp3	mp3			unknown		92788	
yasser_al_dosari	Yasser Al-Dosari	ياسر الدوسري	Saudi Arabia	yasser_al_dosari_mp3quran	hafs_an_asim	murattal			mp3quran	mp3quran	by_surah	114	mp3	mp3	44100	2	mixed		92838	
yasser_al_dosari	Yasser Al-Dosari	ياسر الدوسري	Saudi Arabia	yasser_al_dosari_qdc	hafs_an_asim	murattal			quranicaudio	quranicaudio	by_surah	114	mp3	mp3	44100	2	cbr	128	93400	
yasser_al_dosari	Yasser Al-Dosari	ياسر الدوسري	Saudi Arabia	yasser_al_dosari_tarteel	hafs_an_asim	murattal			qul	tarteel	by_surah	114	mp3	mp3	48000	2	mixed		92022	
yasser_al_dosari	Yasser Al-Dosari	ياسر الدوسري	Saudi Arabia	yasser_al_dosari_tvquran	hafs_an_asim	murattal			tvquran	tvquran	by_surah	114	mp3	mp3	22050	2	cbr	64	93186	
yasser_al_failakawi	Yasser Al-Failakawi	ياسر الفيلكاوي	Kuwait	yasser_al_failakawi_mp3quran	hafs_an_asim	murattal			mp3quran	mp3quran	by_surah	88	mp3	mp3	44100	2	cbr	128	82837	
yasser_al_failakawi	Yasser Al-Failakawi	ياسر الفيلكاوي	Kuwait	yasser_al_failakawi_tvquran	hafs_an_asim	murattal			tvquran	tvquran	by_surah	52	mp3	mp3	44100	2	cbr	128	17898	
yasser_al_mazroui	Yasser Al-Mazroui	ياسر المزروعي	Kuwait	yasser_al_mazroui_rawh_mp3quran	rawh_an_yaqub	murattal			mp3quran	mp3quran	by_surah	114	mp3	mp3	22050	2	cbr	56	87790	
yasser_al_mazroui	Yasser Al-Mazroui	ياسر المزروعي	Kuwait	yasser_al_mazroui_ruways_tvquran	ruways_an_yaqub	murattal			tvquran	tvquran	by_surah	114	mp3	mp3	22050	2	cbr	56	89957	
yasser_al_qurashi	Yasser Al-Qurashi	ياسر القرشي		yasser_al_qurashi_mp3quran	hafs_an_asim	murattal			mp3quran	mp3quran	by_surah	114	mp3	mp3	44100	2	cbr	128	106777	
yasser_al_qurashi	Yasser Al-Qurashi	ياسر القرشي		yasser_al_qurashi_tvquran	hafs_an_asim	murattal			tvquran	tvquran	by_surah	114	mp3	mp3	44100	2	cbr	128	107719	
yasser_alzailaie	Yasser Alzailaie	ياسر الزيلعي		yasser_alzailaie_archive	hafs_an_asim	murattal			surah-quran	archive_org	by_surah	43	mp3	mp3	44100	2	mixed		23292	
yasser_salamah	Yasser Salamah	ياسر سلامة		yasser_salamah_everyayah_byayah	hafs_an_asim	murattal			everyayah	everyayah	by_ayah	6236	mp3	mp3			unknown		93851	
yasser_salamah	Yasser Salamah	ياسر سلامة		yasser_salamah_mp3quran	hafs_an_asim	murattal			mp3quran	mp3quran	by_surah	114	mp3	mp3	44100	2	mixed		93915	
yasser_salamah	Yasser Salamah	ياسر سلامة		yasser_salamah_tvquran	hafs_an_asim	murattal			tvquran	tvquran	by_surah	114	mp3	mp3	22050	2	cbr	64	61772	
yassin_al_jazaery	Yassin Al-Jazaery	ياسين الجزائري	Algeria	yassin_al_jazaery_archive	hafs_an_asim	murattal			surah-quran	archive_org	by_surah	114	mp3	mp3	44100	1	mixed		102836	
yassin_al_jazaery	Yassin Al-Jazaery	ياسين الجزائري	Algeria	yassin_al_jazaery_warsh_mp3quran	warsh_an_nafi	murattal			mp3quran	mp3quran	by_surah	114	mp3	mp3	44100	1	mixed		102492	
yassin_al_jazaery	Yassin Al-Jazaery	ياسين الجزائري	Algeria	yassin_al_jazaery_warsh_tvquran	warsh_an_nafi	murattal			tvquran	tvquran	by_surah	114	mp3	mp3	22050	2	cbr	64	102506	
younes_souilass	Younes Souilass	يونس اسويلص		younes_souilass_archive	hafs_an_asim	murattal			surah-quran	archive_org	by_surah	30	mp3	mp3	44100	2	mixed		36800	
younes_souilass	Younes Souilass	يونس اسويلص		younes_souilass_warsh_mp3quran	warsh_an_nafi	murattal			mp3quran	mp3quran	by_surah	65	mp3	mp3	44100	2	cbr	128	70329	
yusuf_abkar	Yusuf Abkar	يوسف أبكر		yusuf_abkar_tvquran	hafs_an_asim	murattal			tvquran	tvquran	by_surah	5	mp3	mp3	22050	2	cbr	64	4077	
yusuf_al_aidroos	Yusuf Al-Aidroos	يوسف العيدروس	Yemen	yusuf_al_aidroos_archive	hafs_an_asim	murattal			surah-quran	archive_org	by_surah	88	mp3	mp3	44100	2	mixed		38330	
yusuf_al_aidroos	Yusuf Al-Aidroos	يوسف العيدروس	Yemen	yusuf_al_aidroos_mp3quran	hafs_an_asim	murattal			mp3quran	mp3quran	by_surah	111	mp3	mp3	44100	2	mixed		95540	
yusuf_al_suqair	Yusuf Al-Suqair	يوسف الصقير		yusuf_al_suqair_archive	hafs_an_asim	murattal			surah-quran	archive_org	by_surah	44	mp3	mp3	44100	2	mixed		35932	
yusuf_alshoaey	Yusuf Alshoaey	يوسف الشويعي		yusuf_alshoaey_mp3quran	hafs_an_asim	murattal			mp3quran	mp3quran	by_surah	114	mp3	mp3	44100	2	cbr	128	99509	
yusuf_alshoaey	Yusuf Alshoaey	يوسف الشويعي		yusuf_alshoaey_tvquran	hafs_an_asim	murattal			tvquran	tvquran	by_surah	114	mp3	mp3	22050	2	cbr	64	99561	
yusuf_bin_noah_ahmed	Yusuf bin Noah Ahmed	يوسف بن نوح أحمد	Saudi Arabia	yusuf_bin_noah_ahmed_mp3quran	hafs_an_asim	murattal			mp3quran	mp3quran	by_surah	114	mp3	mp3	44100	1	mixed		79693	
yusuf_bin_noah_ahmed	Yusuf bin Noah Ahmed	يوسف بن نوح أحمد	Saudi Arabia	yusuf_bin_noah_ahmed_tvquran	hafs_an_asim	murattal			tvquran	tvquran	by_surah	114	mp3	mp3	22050	2	cbr	64	80170	
yusuf_edghouch	Yusuf Edghouch	يوسف الدغوش	Morocco	yusuf_edghouch_mp3quran	hafs_an_asim	murattal			mp3quran	mp3quran	by_surah	26	mp3	mp3	44100	2	cbr	128	4518	
yusuf_edghouch	Yusuf Edghouch	يوسف الدغوش	Morocco	yusuf_edghouch_tvquran	hafs_an_asim	murattal			tvquran	tvquran	by_surah	22	mp3	mp3	44100	2	cbr	128	3555	
yusuf_kalo	Yusuf Kalo	يوسف كالو		yusuf_kalo_archive	hafs_an_asim	murattal			surah-quran	archive_org	by_surah	62	mp3	mp3			unknown			
yusuf_maaty	Yusuf Maaty	يوسف معاطي		yusuf_maaty_archive	hafs_an_asim	murattal			surah-quran	archive_org	by_surah	47	mp3	mp3			unknown		78437	
zaid_bin_misfer_al_bahri	Zaid bin Misfer Al-Bahri	زيد بن مسفر البحري		zaid_bin_misfer_al_bahri_tvquran	hafs_an_asim	murattal			tvquran	tvquran	by_surah	114	mp3	mp3	22050	2	cbr	64	81027	
zakaria_hamamah	Zakaria Hamamah	زكريا حمامة		zakaria_hamamah_mp3quran	hafs_an_asim	murattal			mp3quran	mp3quran	by_surah	7	mp3	mp3	44100	2	cbr	128	4073	
zakaria_hamamah	Zakaria Hamamah	زكريا حمامة		zakaria_hamamah_tvquran	hafs_an_asim	murattal			tvquran	tvquran	by_surah	7	mp3	mp3	44100	2	cbr	128	4078	
zaki_daghistani	Zaki Daghistani	زكي داغستاني		zaki_daghistani_mp3quran	hafs_an_asim	murattal			mp3quran	mp3quran	by_surah	114	mp3	mp3	44100	2	mixed		128381	
zaki_daghistani	Zaki Daghistani	زكي داغستاني		zaki_daghistani_tvquran	hafs_an_asim	murattal			tvquran	tvquran	by_surah	114	mp3	mp3	22050	2	cbr	64	128385	
